program	bare	with cio/csl/math	path
add_errmsg	NEEDS-	WORKS-WITH-TRAPS	forum13_lzh/SOFTWARE/C/VI/add_errmsg
adduser	NEEDS-cio	WORKS-WITH-TRAPS	uub21osk_lzh/UUCPBB21/OBJECT/OSK/CMDS/adduser
adlcomp	RUNS	-	EFFO/forum3_lzh/CMDS/adlcomp
adldebug	RUNS	-	EFFO/forum3_lzh/CMDS/adldebug
adlrun	RUNS	-	EFFO/forum3_lzh/CMDS/adlrun
adltouch	RUNS	-	EFFO/forum3_lzh/CMDS/adltouch
afm2tfm	RUNS	-	dvips_source_lzh/CMDS/afm2tfm
ansishow	NEEDS-cio	WORKS-WITH-TRAPS	KWIN_LinkUp_1_0_lzh/CMDS/ansishow
answer	NEEDS-cio	WORKS-WITH-TRAPS	InfoXpress_FrontEnd_lzh/BNU/ELM_2.4/BIN/answer
apfel	RUNS	-	EFFO/forum6_lzh/HARDWARE/ATARI/GRAPH/DEMOS/apfel
arepdaemon	NEEDS-cio	WORKS-WITH-TRAPS	InfoXpress_FrontEnd_lzh/BNU/ELM_2.4/BIN/arepdaemon
argproc_demo	RUNS	-	EFFO/forum7_lzh/RICO/CMDS/argproc_demo
ask	RUNS	-	EFFO/forum20_lzh/FORUM20/SOFTWARE/PIPE/ask
audioplay	RUNS	-	KWIN_LinkUp_1_0_lzh/CMDS/audioplay
authwn	RUNS	-	TELECOM/wn1_zip/WN_1.14.3/OSK/CMDS/authwn
autoreply	NEEDS-cio	WORKS-WITH-TRAPS	InfoXpress_FrontEnd_lzh/BNU/ELM_2.4/BIN/autoreply
backgammon	NEEDS-	WORKS-WITH-TRAPS	EFFO/forum5_lzh/CODE/backgammon
bcheck	NEEDS-	WORKS-WITH-TRAPS	forum11_lzh/SOFTWARE/CODE/F_SCHMITT/bcheck
bigsetter	RUNS	-	forum8_lzh/PROGRAMME/MODULA/SET/bigsetter
biory	RUNS	-	EFFO/forum5_lzh/SPRACHEN/FORTRAN/BIORY/biory
blastem	RUNS	-	TELECOM/blastem_lzh/BLASTEM/blastem
bootlogger	NEEDS-	WORKS-WITH-TRAPS	forum11_lzh/SOFTWARE/CODE/F_SCHMITT/bootlogger
break	NOOUTPUT	WORKS-WITH-TRAPS	EFFO/forum5_lzh/SPRACHEN/ASSEMBLER/break
btop	NOOUTPUT	WORKS-WITH-TRAPS	EFFO/forum20_lzh/FORUM20/HARDWARE/GEPARD/FAT_FONT/btop
btree	NEEDS-cio	WORKS-WITH-TRAPS	EFFO/forum2_lzh/CMDS/btree
checkalias	NEEDS-cio	WORKS-WITH-TRAPS	InfoXpress_FrontEnd_lzh/BNU/ELM_2.4/BIN/checkalias
clear	NEEDS-	WORKS-WITH-TRAPS	forum16_lzh/SOFTWARE/C/CLEAR/clear
colortest	NEEDS-csl	WORKS-WITH-TRAPS	colortest_lzh/colortest
combine	NEEDS-	WORKS-WITH-TRAPS	forum11_lzh/SOFTWARE/CODE/F_SCHMITT/combine
confer	RUNS	-	TELECOM/KWIN_LaTerm_1_1_lzh/confer
config	RUNS	-	EFFO/forum7_lzh/RICO/CMDS/config
counter	NEEDS-cio	WORKS-WITH-TRAPS	TELECOM/wn2_zip/WN_1.14.3/OSK/DOCS/COUNTER/counter
cpu	NEEDS-cio	STILL-TRAP	forum11_lzh/SOFTWARE/CODE/F_SCHMITT/cpu
creadoc	RUNS	-	EFFO/forum5_lzh/SPRACHEN/FORTRAN/CREADOC/creadoc
cyberwar	NEEDS-csl	STILL-TRAP	GWINDOWS/cyberwar_lzh/CyberWar
dclock	NEEDS-csl	WORKS-WITH-TRAPS	GWINDOWS/dclock_lzh/dclock
demerge	RUNS	-	forum16_lzh/SOFTWARE/ASSEMBLER/DEMERGE/demerge
demo	RUNS	-	EFFO/forum7_lzh/RICO/CMDS/egetopt_demo
devprc	RUNS	-	forum16_lzh/SOFTWARE/C/DEVPRC/devprc
disable	NEEDS-cio	WORKS-WITH-TRAPS	uucp_lzh/BNU/UUCP/BIN/disable
dld	NEEDS-cio	WORKS-WITH-TRAPS	TELECOM/XmodemUpDown_lzh/CMDS/dld
dload	NEEDS-cio	WORKS-WITH-TRAPS	EFFO/forum4_lzh/CODE/dload
doform.cgi	NEEDS-cio	WORKS-WITH-TRAPS	TELECOM/wn2_zip/WN_1.14.3/OSK/DOCS/EXAMPLES/doform.cgi
dotilde	NEEDS-cio	WORKS-WITH-TRAPS	uub21osk_lzh/UUCPBB21/OBJECT/OSK/CMDS/dotilde
dvips	RUNS	-	dvips_source_lzh/CMDS/dvips
e	RUNS	-	forum11_lzh/SOFTWARE/C/SEDT_EDITOR/CMDS/sedtvt220
elm	NEEDS-cio	WORKS-WITH-TRAPS	InfoXpress_FrontEnd_lzh/BNU/ELM_2.4/BIN/elm
em	RUNS	-	EFFO/forum3_lzh/CMDS/em
enable	NEEDS-cio	WORKS-WITH-TRAPS	uucp_lzh/BNU/UUCP/BIN/enable
envi	NEEDS-cio	WORKS-WITH-TRAPS	TELECOM/wn2_zip/WN_1.14.3/OSK/DOCS/COUNTER/envi
epson	NEEDS-	WORKS-WITH-TRAPS	forum15_lzh/SOFTWARE/C/SPLINE/CMDS/epson
every	NEEDS-cio	WORKS-WITH-TRAPS	EFFO/forum2_lzh/CMDS/every
expire	NEEDS-cio	WORKS-WITH-TRAPS	TELECOM/uubb21p1_lzh/UUCPBB21/OBJECT/OSK/CMDS/expire
expreserve	NEEDS-	WORKS-WITH-TRAPS	forum13_lzh/SOFTWARE/C/VI/expreserve
exrecover	NEEDS-	WORKS-WITH-TRAPS	forum13_lzh/SOFTWARE/C/VI/exrecover
fastcc	NEEDS-	WORKS-WITH-TRAPS	forum16_lzh/SOFTWARE/C/CC/fastcc
fastmail	NEEDS-cio	WORKS-WITH-TRAPS	InfoXpress_FrontEnd_lzh/BNU/ELM_2.4/BIN/fastmail
fileserv	NEEDS-cio	WORKS-WITH-TRAPS	uub21osk_lzh/UUCPBB21/OBJECT/OSK/CMDS/fileserv
filter	RUNS	-	InfoXpress_FrontEnd_lzh/BNU/ELM_2.4/BIN/filter
fixtext	NEEDS-cio	WORKS-WITH-TRAPS	uub21osk_lzh/UUCPBB21/OBJECT/OSK/CMDS/fixtext
fontgen	RUNS	-	EFFO/forum3_lzh/FONT/fontgen
frm	NEEDS-cio	WORKS-WITH-TRAPS	InfoXpress_FrontEnd_lzh/BNU/ELM_2.4/BIN/frm
g	NEEDS-	STILL-TRAP	EFFO/forum6_lzh/HARDWARE/ATARI/GRAPH/DEMOS/demo2
getsys	NEEDS-cio	WORKS-WITH-TRAPS	EFFO/forum23_lzh/f23b/SOFTWARE/GETSYS/getsys
gport	NEEDS-cio	WORKS-WITH-TRAPS	KWIN_LinkUp_1_0_lzh/CMDS/gport
graph	RUNS	-	EFFO/forum4_lzh/RECHNER/ATARI/graph
graphdemo	RUNS	-	EFFO/forum6_lzh/HARDWARE/ATARI/GRAPH/DEMOS/graphdemo
graphsave	RUNS	-	EFFO/forum6_lzh/HARDWARE/ATARI/GRAPH/DEMOS/graphsave
greg	NEEDS-cio	WORKS-WITH-TRAPS	EFFO/forum6_lzh/PROGRAMME/C/GREG/greg
hinterhalt	NEEDS-cio	WORKS-WITH-TRAPS	EFFO/forum7_lzh/C/HINTERHALT/hinterhalt
i_am_i	RUNS	-	forum16_lzh/SOFTWARE/PASCAL/I_AM_I/i_am_i
inetd	NEEDS-cio	WORKS-WITH-TRAPS	TELECOM/wn1_zip/WN_1.14.3/OSK/CMDS/inetd
inetdc	NEEDS-cio	WORKS-WITH-TRAPS	TELECOM/wn1_zip/WN_1.14.3/OSK/CMDS/inetdc
isam	NEEDS-cio	WORKS-WITH-TRAPS	EFFO/forum2_lzh/CMDS/isam
k	RUNS	-	xyz_lzh/CMDS/k
ladial	RUNS	-	TELECOM/KWIN_LaTerm_1_1_lzh/LaDial
laterm	RUNS	-	TELECOM/KWIN_LaTerm_1_1_lzh/LaTerm
lcasep	NEEDS-cio	WORKS-WITH-TRAPS	TELECOM/smail25_lzh/BNU/SMAIL_2.5/BIN/lcasep
lfmaker	RUNS	-	GWINDOWS/lfmaker_lzh/lfmaker
lgrep	NEEDS-	WORKS-WITH-TRAPS	forum13_lzh/SOFTWARE/C/LGREP/lgrep
liborder.os9	RUNS	-	forum15_lzh/SOFTWARE/C/LIBUTILS/liborder
linkup	NEEDS-cio	WORKS-WITH-TRAPS	KWIN_LinkUp_1_0_lzh/CMDS/linkup
listalias	NEEDS-cio	WORKS-WITH-TRAPS	InfoXpress_FrontEnd_lzh/BNU/ELM_2.4/BIN/listalias
lmail	NEEDS-cio	WORKS-WITH-TRAPS	uucp_lzh/BNU/UUCP/BIN/lmail
lmargin	NEEDS-	WORKS-WITH-TRAPS	forum15_lzh/SOFTWARE/C/SPLINE/CMDS/lmargin
lpsched	NEEDS-cio	WORKS-WITH-TRAPS	EFFO/forum4_lzh/CODE/lpsched
lunisolar	NEEDS-	STILL-TRAP	forum16_lzh/SOFTWARE/C/LUNISOLAR/lunisolar
mail	NEEDS-cio	WORKS-WITH-TRAPS	EFFO/forum5_lzh/CODE/mail
mailx	NEEDS-cio	WORKS-WITH-TRAPS	uub21osk_lzh/UUCPBB21/OBJECT/OSK/CMDS/mailx
makedb	RUNS	-	philmail_lzh/BNU/PALIAS/BIN/makedb
maketexpk	RUNS	-	dvips_source_lzh/CMDS/MakeTeXPK
map	NEEDS-cio	WORKS-WITH-TRAPS	EFFO/forum5_lzh/SPRACHEN/C/MAP/map
messages	NEEDS-cio	WORKS-WITH-TRAPS	InfoXpress_FrontEnd_lzh/BNU/ELM_2.4/BIN/messages
modinfo	RUNS	-	forum15_lzh/SOFTWARE/C/MODINFO/modinfo
mshell	NEEDS-	WORKS-WITH-TRAPS	forum9_lzh/PROGRAMME/C/MSHELL/mshell
mvolformat	RUNS	-	forum9_lzh/PROGRAMME/C/MVOLFORMAT/mvolformat
names	NEEDS-cio	WORKS-WITH-TRAPS	EFFO/forum5_lzh/SPRACHEN/C/NAMES/names
net	NOEXEC	WORKS-WITH-TRAPS	KA9Q_net_9410_gz/net
new_e	RUNS	-	forum11_lzh/SOFTWARE/C/SEDT_EDITOR/CMDS/sedtvtxxx
newalias	NEEDS-cio	WORKS-WITH-TRAPS	InfoXpress_FrontEnd_lzh/BNU/ELM_2.4/BIN/newalias
newmail	NEEDS-cio	WORKS-WITH-TRAPS	InfoXpress_FrontEnd_lzh/BNU/ELM_2.4/BIN/newmail
nptx	NEEDS-cio	WORKS-WITH-TRAPS	TELECOM/smail25_lzh/BNU/SMAIL_2.5/BIN/nptx
osknet	NOEXEC	WORKS-WITH-TRAPS	NETWORK/osknet12_tar_gz/OSKNET.DIST/CMDS/osknet
passwd	RUNS	-	EFFO/forum5_lzh/SPRACHEN/C/PASSWD/passwd
pathalias	RUNS	-	philmail_lzh/BNU/PALIAS/BIN/pathalias
philmail	RUNS	-	TELECOM/RCIS_2_3_demo_lzh/philmail
phone	RUNS	-	EFFO/forum5_lzh/CODE/phone
postnews	NEEDS-cio	WORKS-WITH-TRAPS	uub21osk_lzh/UUCPBB21/OBJECT/OSK/CMDS/postnews
preset	RUNS	-	EFFO/forum3_lzh/CMDS/preset
pri	RUNS	-	EFFO/forum4_lzh/CODE/pri
printmail	NEEDS-cio	WORKS-WITH-TRAPS	InfoXpress_FrontEnd_lzh/BNU/ELM_2.4/BIN/printmail
ptob	NOOUTPUT	WORKS-WITH-TRAPS	EFFO/forum20_lzh/FORUM20/HARDWARE/GEPARD/FAT_FONT/ptob
ptxminst	RUNS	-	DRIVERS/ptybin_lzh/ptxminst
puzzle	NEEDS-csl	WORKS-WITH-TRAPS	GWINDOWS/puzzle_68k_lzh/puzzle
pwparse	NEEDS-cio	WORKS-WITH-TRAPS	TELECOM/smail25_lzh/BNU/SMAIL_2.5/BIN/pwparse
qr.cgi	RUNS	-	TELECOM/wn2_zip/WN_1.14.3/OSK/DOCS/EXAMPLES/qr.cgi
read_mail	NEEDS-	WORKS-WITH-TRAPS	forum13_lzh/SOFTWARE/C/VI/read_mail
readmsg	NEEDS-cio	WORKS-WITH-TRAPS	InfoXpress_FrontEnd_lzh/BNU/ELM_2.4/BIN/readmsg
readnews	NEEDS-cio	WORKS-WITH-TRAPS	uub21osk_lzh/UUCPBB21/OBJECT/OSK/CMDS/readnews
repeat	RUNS	-	forum10_lzh/SOFTWARE/C/REPEAT/repeat
rmail	NEEDS-cio	WORKS-WITH-TRAPS	uub21osk_lzh/UUCPBB21/OBJECT/OSK/CMDS/rmail
rndir	NEEDS-	WORKS-WITH-TRAPS	forum12_lzh/SOFTWARE/CODE/rndir
rnews	NEEDS-cio	WORKS-WITH-TRAPS	uub21osk_lzh/UUCPBB21/OBJECT/OSK/CMDS/rnews
rxmod	RUNS	-	forum15_lzh/SOFTWARE/ASSEMBLER/SERLOAD/CMDS/rxmod
rz	RUNS	-	rzsz_3_36_3_OSK_lzh/CMDS/rz
sample.cgi	NEEDS-cio	WORKS-WITH-TRAPS	TELECOM/wn2_zip/WN_1.14.3/OSK/DOCS/EXAMPLES/sample.cgi
scriptmaster	NEEDS-csl	WORKS-WITH-TRAPS	GWINDOWS/scriptmaster_lzh/scriptmaster
send_break	RUNS	-	TELECOM/KWIN_LaTerm_1_1_lzh/send_break
showpic	RUNS	-	EFFO/forum6_lzh/HARDWARE/ATARI/GRAPH/DEMOS/showpic
sine	RUNS	-	EFFO/forum6_lzh/HARDWARE/ATARI/GRAPH/DEMOS/sine
smail	NEEDS-cio	WORKS-WITH-TRAPS	TELECOM/smail25_lzh/BNU/SMAIL_2.5/BIN/smail
smbmount	RUNS	-	smbfm209t_zip/smbmount
snd_sig	NEEDS-cio	WORKS-WITH-TRAPS	EFFO/forum6_lzh/PROGRAMME/C/SND_SIG/snd_sig
spline	NEEDS-	STILL-TRAP	forum15_lzh/SOFTWARE/C/SPLINE/CMDS/spline
sqrtx	RUNS	-	EFFO/forum1_lzh/CMDS/sqrtx
sterm	RUNS	-	TELECOM/STerm68k_lzh/STerm
striche	NEEDS-	STILL-TRAP	EFFO/forum6_lzh/HARDWARE/ATARI/GRAPH/DEMOS/striche
submit	NEEDS-cio	WORKS-WITH-TRAPS	EFFO/forum4_lzh/CODE/submit
subscribe	NEEDS-cio	WORKS-WITH-TRAPS	uub21osk_lzh/UUCPBB21/OBJECT/OSK/CMDS/subscribe
suse	RUNS	-	EFFO/forum2_lzh/CMDS/suse
suspend	NEEDS-	WORKS-WITH-TRAPS	forum11_lzh/SOFTWARE/CODE/F_SCHMITT/suspend
sz	RUNS	-	rzsz_3_24_3_OSK_lzh/CMDS/sz
t_trtest	RUNS	-	EFFO/forum7_lzh/RICO/CMDS/t_trtest
teachgammon	NEEDS-	WORKS-WITH-TRAPS	EFFO/forum5_lzh/CODE/teachgammon
terminal	NEEDS-cio	WORKS-WITH-TRAPS	KWIN_Terminal_1_00_lzh/CMDS/terminal
testibc	RUNS	-	forum10_lzh/SOFTWARE/PASCAL/IEEE/CMDS/testibc
transfer	NEEDS-cio	WORKS-WITH-TRAPS	EFFO/forum1_lzh/CMDS/transfer
trunc	NEEDS-cio	WORKS-WITH-TRAPS	EFFO/forum23_lzh/f23b/SOFTWARE/TRUNC/trunc
tsu	NEEDS-csl	WORKS-WITH-TRAPS	TELECOM/tterm_68k_lzh/tsu
tterm	NEEDS-csl	WORKS-WITH-TRAPS	TELECOM/tterm_68k_lzh/tterm
tty	NEEDS-cio	WORKS-WITH-TRAPS	EFFO/forum6_lzh/PROGRAMME/CODE/tty
txmod	RUNS	-	forum15_lzh/SOFTWARE/ASSEMBLER/SERLOAD/CMDS/txmod
uld	NEEDS-cio	WORKS-WITH-TRAPS	TELECOM/XmodemUpDown_lzh/CMDS/uld
umacs	NEEDS-cio	WORKS-WITH-TRAPS	EFFO/forum1_lzh/CMDS/umacs
unpacklib.os9	RUNS	-	forum15_lzh/SOFTWARE/C/LIBUTILS/unpacklib
unsubscribe	NEEDS-cio	WORKS-WITH-TRAPS	uub21osk_lzh/UUCPBB21/OBJECT/OSK/CMDS/unsubscribe
uucico	NEEDS-cio	WORKS-WITH-TRAPS	uub21osk_lzh/UUCPBB21/OBJECT/OSK/CMDS/uucico
uuclean	NEEDS-cio	WORKS-WITH-TRAPS	uub21osk_lzh/UUCPBB21/OBJECT/OSK/CMDS/uuclean
uucp	NEEDS-cio	WORKS-WITH-TRAPS	uub21osk_lzh/UUCPBB21/OBJECT/OSK/CMDS/uucp
uulog	NEEDS-cio	WORKS-WITH-TRAPS	uub21osk_lzh/UUCPBB21/OBJECT/OSK/CMDS/uulog
uuname	NEEDS-cio	WORKS-WITH-TRAPS	uucp_lzh/BNU/UUCP/BIN/uuname
uupoll	NEEDS-cio	WORKS-WITH-TRAPS	uucp_lzh/BNU/UUCP/BIN/uupoll
uux	NEEDS-cio	WORKS-WITH-TRAPS	uucp_lzh/BNU/UUCP/BIN/uux
uuxqt	NEEDS-cio	WORKS-WITH-TRAPS	uub21osk_lzh/UUCPBB21/OBJECT/OSK/CMDS/uuxqt
vc	NEEDS-cio	WORKS-WITH-TRAPS	EFFO/forum7_lzh/C/VC/vc
vlen	NEEDS-cio	WORKS-WITH-TRAPS	EFFO/forum2_lzh/CMDS/vlen
what	RUNS	-	EFFO/forum5_lzh/RECHNER/GEPARD/what
wisecrack	NOOUTPUT	WORKS-WITH-TRAPS	EFFO/forum20_lzh/FORUM20/SOFTWARE/PIPE/wisecrack
wn	RUNS	-	TELECOM/wn2_zip/WN_1.14.3/OSK/CMDS/wn
wndex	RUNS	-	TELECOM/wn2_zip/WN_1.14.3/OSK/CMDS/wndex
xlharc	RUNS	-	EFFO/forum21_lzh/FORUM21/software/xlharc
xy	RUNS	-	xyz_lzh/CMDS/xy
xydown	RUNS	-	TELECOM/XYDown_lzh/CMDS/xydown
xyt	NEEDS-csl	WORKS-WITH-TRAPS	TELECOM/tterm_68k_lzh/xyt
yagi	RUNS	-	TELECOM/OSKTag_2_01_lzh/d2/MAILBOX/PROGRAMS/yagi
ynad	NEEDS-cio	WORKS-WITH-TRAPS	EFFO/forum2_lzh/CMDS/ynad
z	RUNS	-	xyz_lzh/CMDS/z
