APPS/TeXSystem.lzh	lha
APPS/ant.readme	text
APPS/ant.ytar	compress
APPS/bash.lzh	lha
APPS/btoa.lzh	lha
APPS/diff.lzh	lha
APPS/dm.lzh	lha
APPS/dm.readme	text
APPS/dm14.lzh	lha
APPS/dm14.readme	text
APPS/elm.lzh	lha
APPS/elvis_1.4.tar.Z	compress
APPS/gs403osk.tgz	gzip
APPS/gsort14.lzh	lha
APPS/hl10obin.lzh	lha
APPS/hl10obin.zoo	zoo
APPS/hl10odoc.lzh	lha
APPS/hl10odoc.zoo	zoo
APPS/hl10osrc.lzh	lha
APPS/hl10osrc.zoo	zoo
APPS/libsplit.zip	zip
APPS/lout.lzh	lha
APPS/lout2.lzh	lha
APPS/macutils.lzh	lha
APPS/md5.lzh	lha
APPS/memacs.3.12_mm1.lzh	lha
APPS/mg.binary.lzh	lha
APPS/mg.doc.txt.lzh	lha
APPS/mg2a.tar.Z	compress
APPS/mg_doc.dvi	unknown
APPS/mg_doc.dvi.Z	compress
APPS/mg_doc.ps.Z	compress
APPS/microemacs3.11.lzh	lha
APPS/mnews.t.Z	compress
APPS/mnews_src.t.Z	compress
APPS/msdos_diskaccess.lzh	lha
APPS/nn6.3.10.lzh	lha
APPS/oleo1.6.tar.gz	gzip
APPS/rzsz_3_36_3_OSK.ar	os9 ar
APPS/rzsz_3_36_3_OSK.lzh	lha
APPS/rzsz_3_36_3_src.ar	os9 ar
APPS/rzsz_3_36_3_src.lzh	lha
APPS/sc.lzh	lha
APPS/sox.man.Z	compress
APPS/sox_osk.lzh	lha
APPS/trminfo1.lzh	lha
ARCHIVERS/LHa.bin	os9 module
ARCHIVERS/ar	os9 module
ARCHIVERS/ar-static.gz	gzip
ARCHIVERS/ar.gz	gzip
ARCHIVERS/ar2osk.ar	os9 ar
ARCHIVERS/arc	os9 module
ARCHIVERS/gzip_1_2_2.bin	os9 module
ARCHIVERS/gziposk124.tar	text
ARCHIVERS/lha205.lzh	lha
ARCHIVERS/lha206.bin	os9 module
ARCHIVERS/lha208.bin	os9 module
ARCHIVERS/lha208.doc	text
ARCHIVERS/lha208.lzh	lha
ARCHIVERS/lha208.readme	text
ARCHIVERS/lha208src.lzh	lha
ARCHIVERS/lharc1.03	os9 module
ARCHIVERS/lharc1.03.doc	text
ARCHIVERS/lhasrc.lzh	lha
ARCHIVERS/macunpack2_0b3.bin	os9 module
ARCHIVERS/unsit.bin	os9 module
ARCHIVERS/unzip50_bin.lzh	lha
ARCHIVERS/unzip50_doc.lzh	lha
ARCHIVERS/unzip50_src.lzh	lha
ARCHIVERS/unzip_src.lzh	lha
ARCHIVERS/zip_bin.lzh	lha
ARCHIVERS/zoov2.1.lzh	lha
CMDS/SYSMON.lzh	lha
CMDS/Scsicmd_0.1.tar.gz	gzip
CMDS/ancient.tar.Z	compress
CMDS/aprocs.lzh	lha
CMDS/ar2osk.ar	os9 ar
CMDS/autolf24.lzh	lha
CMDS/beav.1.40.lzh	lha
CMDS/cal.lzh	lha
CMDS/carlutil.lzh	lha
CMDS/checkenv.lzh	lha
CMDS/chown.tar.Z	compress
CMDS/ckfile.ar	os9 ar
CMDS/compress.tar.Z	compress
CMDS/cowen_tools.lzh	lha
CMDS/cron.tar.Z	compress
CMDS/date	os9 module
CMDS/dback.lzh	lha
CMDS/des.t.Z	compress
CMDS/diff.tar	text
CMDS/divide.lzh	lha
CMDS/dmake.lzh	lha
CMDS/dmode.lzh	lha
CMDS/dmode_25.lhz	lha
CMDS/ed_0.2.lzh	lha
CMDS/elvis1.7.lzh	lha
CMDS/exist	os9 module
CMDS/file.lzh	lha
CMDS/find_1_1_5.lzh	lha
CMDS/finger.ar	os9 ar
CMDS/freeb.tar.Z	compress
CMDS/fstat.ar	os9 ar
CMDS/getenv	os9 module
CMDS/gs_3_33_osk_tar.gz	gzip
CMDS/gs_psdemos_osk.tar.gz	gzip
CMDS/gs_readme_osk.txt	text
CMDS/hdump_1.1.lsm	text
CMDS/hdump_1.1.tgz	gzip
CMDS/hexedit.tgz	gzip
CMDS/hpset.lzh	lha
CMDS/less.osk.tar.Z	compress
CMDS/less.v177.lzh	lha
CMDS/less290.tar.gz	gzip
CMDS/less_330.lzh	lha
CMDS/less_332.lzh	lha
CMDS/less_exec.lzh	lha
CMDS/lwf.tar.gz	gzip
CMDS/macbin.ar	os9 ar
CMDS/memacs400_cmds.lzh	lha
CMDS/memacs400_doc.lzh	lha
CMDS/memacs400_src.lzh	lha
CMDS/mexist	os9 module
CMDS/modbust.lzh	lha
CMDS/mtools_3.6.cmds.lzh	lha
CMDS/mtools_3.6.docs.lzh	lha
CMDS/mtools_3.6.src.lzh	lha
CMDS/oscom10.zip	zip
CMDS/patch.tar.Z	compress
CMDS/pvic_10a.lzh	lha
CMDS/rcs4.lha	lha
CMDS/reboot.lzh	lha
CMDS/reboot.txt	text
CMDS/rechne	os9 module
CMDS/rm.tar.Z	compress
CMDS/setime	os9 module
CMDS/setimex	os9 module
CMDS/smallutils.t.Z	compress
CMDS/tabs.tar.Z	compress
CMDS/tail	os9 module
CMDS/tar.shar	text
CMDS/todos	os9 module
CMDS/toos9	os9 module
CMDS/uac_tar.z	compress
CMDS/umek9111.lzh	lha
CMDS/upperdir.lzh	lha
CMDS/uudecode.t.Z	compress
CMDS/uustat.t.Z	compress
CMDS/vi.TXT	text
CMDS/vi.zip	zip
DEMOS/UB68K.ABS	text
DEMOS/UB_68000.LZH	lha
DEMOS/UB_68020.LZH	lha
DRIVERS/about_dvips.text	text
DRIVERS/dvips.lzh	text
DRIVERS/dvips_source.lzh	lha
DRIVERS/file3987	lha
DRIVERS/file3988	gzip
DRIVERS/install_dvips.text	text
DRIVERS/nulman.lzh	lha
DRIVERS/ptxm.lzh	text
DRIVERS/ptxm.txt	lha
DRIVERS/ptybin.lzh	lha
DRIVERS/ptylev.readme	text
DRIVERS/ptylev.zip	lha
DRIVERS/ptynew.lzh	text
DRIVERS/rtclock1287.lzh	zip
DRIVERS/y2kit.tgz	lha
EFFO/effo.info	text
EFFO/f_disks.Z	text
EFFO/file4024	lha
EFFO/file4025	text
EFFO/file4026	text
EFFO/forum1.lzh	lha
EFFO/forum10.lzh	lha
EFFO/forum11.lzh	lha
EFFO/forum12.lzh	lha
EFFO/forum13.lzh	lha
EFFO/forum14.lzh	lha
EFFO/forum15.lzh	lha
EFFO/forum16.lzh	lha
EFFO/forum17.lzh	lha
EFFO/forum2.lzh	lha
EFFO/forum20.lzh	lha
EFFO/forum21.lzh	lha
EFFO/forum22.lzh	lha
EFFO/forum23.lzh	lha
EFFO/forum3.lzh	lha
EFFO/forum4.lzh	lha
EFFO/forum5.lzh	lha
EFFO/forum6.lzh	lha
EFFO/forum7.lzh	lha
EFFO/forum8.lzh	lha
EFFO/forum9.lzh	lha
EFFO/pd0.lzh	compress
EFFO/pd1.lzh	lha
EFFO/pd2.lzh	lha
EFFO/pd3.lzh	lha
EFFO/pd4.lzh	lha
EFFO/pd5.lzh	lha
EFFO/pd6.lzh	lha
EFFO/pd7.lzh	lha
EFFO/pd8.lzh	lha
EFFO/pd9.lzh	lha
GAMES/colossal.lzh	lha
GAMES/gnuchess4.0.corr1.lzh	lha
GAMES/gnuchess4.0.lzh	lha
GAMES/gnuchess_bin.lzh	lha
GAMES/infocom.lha	lha
GAMES/infocom_src.lha	lha
GAMES/informosk.lha	lha
GAMES/mines.ar	os9 ar
GAMES/paranoia.t.Z	compress
GCC/README.first	text
GCC/cc1plus.lzh	lha
GCC/collect.lzh	lha
GCC/defs.tar.Z	compress
GCC/gcc272.zip	zip
GCC/gcc2_68060.zip	zip
GCC/gcc_1.42_cmds.lzh	lha
GCC/gcc_2.5.6_cmds.lzh	lha
GCC/gcc_2.5.8_cmds.lzh	lha
GCC/gclib.lzh	lha
GCC/gclib272.zip	zip
GCC/gnulib.l.lzh	lha
GCC/gpp.lzh	lha
GCC/gpp_2.5.8_cmds1.lzh	lha
GCC/gpp_2.5.8_cmds2.lzh	lha
GCC/history	text
GCC/libgpp.l.lzh	lha
GCC/libgpp272.zip	zip
GCC/libgpp_2.5.3_defs.lzh	lha
GCC/libgpp_2.5.3_lib.lzh	lha
GCC/math_68881.h	text
GNU/bison_1.11.tar.Z	compress
GNU/bison_1.19.tar.Z	compress
GNU/compress_4.0.Z	compress
GNU/compress_4.0.tar.Z	compress
GNU/diff_1.1.Z	compress
GNU/diff_1.1.tar.Z	compress
GNU/fgrep_1.1.tar.Z	compress
GNU/fgrep_1.11.Z	compress
GNU/flex_2.3.7.t.Z	compress
GNU/flex_2.3.tar.Z	compress
GNU/gawk_2.11.Z	compress
GNU/gawk_2.11.tar.Z	compress
GNU/gmake.000.gz	gzip
GNU/gnu.bin.readme	text
GNU/gnu.bin.t.gz	gzip
GNU/gnugrep_2.0.lzh	lha
GNU/gnutar_1.10.t.Z	compress
GNU/gtar.bin.gz	gzip
GNU/gtar_1_10.bin	os9 module
GNU/gtar_1_10.src.lzh	lha
GNU/m4_0.5.Z	compress
GNU/m4_0.5.tar.Z	compress
GNU/makeinfo.lzh	lha
GNU/makeinfo_src.lzh	lha
GNU/prsnam	os9 module
GNU/sed_1.06.Z	compress
GNU/sed_1.06.tar.Z	compress
GRAPHICS/JPEGEXEC.V4.lzh	lha
GRAPHICS/JPEGSRC.V4.lzh	lha
GRAPHICS/TekDemos.t.Z	compress
GRAPHICS/gnuplot2.0_881.tar.Z	compress
GRAPHICS/gnuplot32x.tar.Z	compress
GRAPHICS/jpegexec.lzh	lha
GRAPHICS/jpeglib_5a.lzh	lha
GRAPHICS/jpegsrc.v3.lzh	lha
GRAPHICS/mgif.lzh	lha
GRAPHICS/pbmdoc.ar	os9 ar
GRAPHICS/pbmexec.lzh	lha
GRAPHICS/pbmsrc.ar	os9 ar
GRAPHICS/pbmview.t.Z	compress
GRAPHICS/povosk.lzh	lha
GRAPHICS/rayshade.lzh	lha
GWINDOWS/blackjack_68k.uue	text
GWINDOWS/colortest.lzh	lha
GWINDOWS/cyberwar.lzh	lha
GWINDOWS/dclock.lzh	lha
GWINDOWS/lfmaker.lzh	lha
GWINDOWS/puzzle_68k.lzh	lha
GWINDOWS/scriptmaster.lzh	lha
LANGUAGES/OB68_116.ABS	text
LANGUAGES/OB68_116.LZH	lha
LANGUAGES/f68k.tar.Z	compress
LANGUAGES/lua.doc.zip	zip
LANGUAGES/lua.src.zip	zip
LANGUAGES/p2c.lha	lha
LANGUAGES/readme.lua	text
LANGUAGES/xlate.lzh	lha
LIB/OS9_os9lib.tar.Z	compress
LIB/OS9libReadme.1st	text
LIB/OS9libdefs.t.Z	compress
LIB/OS9libsrc.t.Z	compress
LIB/auxlib.ar	os9 ar
LIB/blarslib.tar.Z	compress
LIB/gdbm_1.4.t.Z	compress
LIB/ncurses.lzh	lha
LIB/os9stat.tar.Z	compress
LIB/os9unix.lzh	lha
LIB/prsnam.a	text
LIB/select.c	text
LIB/stat.lzh	lha
LIB/trminfo1.lzh	lha
LIB/unix.zoo	zoo
LIB/x11r6pl13_lib_v0.6.lzh	lha
LIB/x11r6pl13_lib_v0.6.read_me.txt	text
MISC/RSDir.lzh	lha
MISC/addins.lzh	lha
MISC/alps.t.Z	compress
MISC/ccheck.lzh	lha
MISC/chown.c	text
MISC/file.lzh	lha
MISC/howfrag.lzh	lha
MISC/lgrep_v2.lzh	lha
MISC/man.lzh	lha
MISC/mtp.shar	text
MISC/screen	os9 module
MISC/screen.hlp	text
MISC/scsiutil.lzh	lha
MISC/sector0.c	text
MISC/setterm121.ar	os9 ar
MISC/setterm2.lzh	lha
MISC/speedisk.lzh	lha
MISC/stf.lzh	lha
MISC/textb.t.Z	compress
MISC/ucc_support.txt	text
MISC/ucc_support_386.uue	text
MISC/ucc_support_68k.uue	text
MISC/vh_1.4.lzh	lha
MISC/who.lzh	lha
MISC/xasm.ar	os9 ar
MISC/xasm.bin.lzh	lha
NETWORK/file4262	zip
NETWORK/file4263	zip
NETWORK/mailx.txt	os9 module
NETWORK/msntp_1..5.zip	text
NETWORK/netpbm_cmds.lzh	zip
NETWORK/netpbm_docs.lzh	lha
NETWORK/netpbm_src.lzh	lha
NETWORK/osknet.readme	lha
NETWORK/osknet.tar.gz	text
NETWORK/osknet12.tar.gz	gzip
NETWORK/samba_ref.pdf	unknown
NETWORK/smbfm11t.zip	gzip
NETWORK/smbfm12t.zip	unknown
NETWORK/smbfm14t.zip	zip
NETWORK/smbfm15t.zip	zip
NETWORK/smbfm16t.zip	zip
NETWORK/smbfm17t.zip	zip
NETWORK/smbfm209t.zip	zip
NETWORK/smbfm20t.zip	zip
NETWORK/smbfm22t.zip	zip
NETWORK/smbfm26t.zip	zip
SHELLS/bash.lzh	lha
SHELLS/pd_ksh.e11.lzh	lha
SHELLS/sh.lzh	lha
SHELLS/sh.readme	text
SHELLS/sh73.html	text
SHELLS/sh73.lzh	lha
SHELLS/sh74.html	text
SHELLS/sh74.lzh	lha
SHELLS/sh75.lzh	lha
SHELLS/sh_utils73.lzh	lha
SHELLS/shell.html	text
SHELLS/shell.lzh	lha
SHELLS/tshell.readme	text
SHELLS/tshell.zip	zip
SHELLS/updates.lzh	lha
SRC/boyerm.c	text
SRC/cron.tar.Z	compress
SRC/dhry.lzh	lha
SRC/drivr.c	text
SRC/elm.tar.Z	compress
SRC/less.tar.Z	compress
SRC/less.v177.lzh	lha
SRC/lharc.lzh	lha
SRC/lharc141.lzh	lha
SRC/linkup_src.tar.gz	gzip
SRC/msdos_diskaccess.lzh	lha
SRC/rex.tar.Z	compress
SRC/screen.src.lzh	lha
SRC/timer.c	text
SRC/unc.lzh	lha
SRC/xlisp.lzh	lha
TELECOM/Aterm_2_6.lzh	lha
TELECOM/GNU_ATP_1_40.lzh	compress
TELECOM/InfoXpress_FrontEnd.lzh	lha
TELECOM/KA9Q9501.gz	lha
TELECOM/KA9Q9501.txt	lha
TELECOM/KA9Q_net_9410.gz	gzip
TELECOM/KA9Qnet9402.lzh	gzip
TELECOM/KA9Qnet9410.gz	text
TELECOM/KA9Qnet9410.txt	text
TELECOM/KWIN_LaTerm_1_1.lzh	lha
TELECOM/KWIN_LinkUp_1_0.lzh	lha
TELECOM/KWIN_Terminal_1_00.lzh	lha
TELECOM/MNews.lzh	text
TELECOM/OS9_Unix.lzh	lha
TELECOM/OSKBox.lzh	lha
TELECOM/OSKTag_2_01.lzh	lha
TELECOM/RCIS_2_3_demo.lzh	lha
TELECOM/STerm68k.lzh	lha
TELECOM/STerm_src.lzh	lha
TELECOM/UUCP_Blars.lzh	lha
TELECOM/UUCPbb_2_1_OS9_68K.lzh	lha
TELECOM/UUCPbb_2_1_doc.lzh	lha
TELECOM/UUCPbb_2_1_p1.lzh	lha
TELECOM/UUCPbb_2_1_src.lzh	lha
TELECOM/XYDown.lzh	lha
TELECOM/XmodemUpDown.lzh	lha
TELECOM/blarsuucp.tar.Z	compress
TELECOM/blastem.lzh	lha
TELECOM/bpcsrc.zip	zip
TELECOM/bpdoc.zip	zip
TELECOM/ckermit.Z	compress
TELECOM/ckermit.doc.Z	compress
TELECOM/ckermit.txt	text
TELECOM/ckermit188.lzh	lha
TELECOM/ckermitsrc.tar.Z	compress
TELECOM/cnews.tar.Z	os9 module
TELECOM/elm24.lzh	os9 module
TELECOM/file4331	lha
TELECOM/file4332	gzip
TELECOM/file4349	text
TELECOM/file4350	text
TELECOM/file4351	compress
TELECOM/file4352	lha
TELECOM/mtp.lzh	lha
TELECOM/palias10.lzh	lha
TELECOM/philmail.lzh	lha
TELECOM/readme.osk.wn	text
TELECOM/readme.wn	text
TELECOM/rn.tar.Z	lha
TELECOM/rn_4_3_blars.lzh	text
TELECOM/rzsz_3_24_3_OSK.lzh	lha
TELECOM/rzsz_3_24_3_src.lzh	lha
TELECOM/rzsz_3_24_OSK.lzh	lha
TELECOM/rzsz_3_24_src.lzh	lha
TELECOM/rzsz_3_36_3_OSK.ar	os9 ar
TELECOM/rzsz_3_36_3_OSK.lzh	lha
TELECOM/rzsz_3_36_3_src.ar	os9 ar
TELECOM/rzsz_3_36_3_src.lzh	lha
TELECOM/smail25.lzh	lha
TELECOM/socketerm.tar.Z	compress
TELECOM/sterm.ar	os9 ar
TELECOM/sterm07.tar.Z	compress
TELECOM/stg_v4.lzh	lha
TELECOM/tass.lzh	lha
TELECOM/tterm_68k.lzh	lha
TELECOM/tterm_src.lzh	lha
TELECOM/uub21doc.lzh	lha
TELECOM/uub21os91.lzh	lha
TELECOM/uub21os92.lzh	lha
TELECOM/uub21osk.lzh	lha
TELECOM/uubb21p1.lzh	lha
TELECOM/uucp.lzh	lha
TELECOM/uucpbb21.lzh	lha
TELECOM/wn1.zip	zip
TELECOM/wn2.zip	zip
TELECOM/wn3.zip	zip
TELECOM/xyz.lzh	lha
TELECOM/xyz.readme	text
