program	bare	with cio/csl/math	path	found in
add_errmsg	NEEDS-	WORKS-WITH-TRAPS	forum13_lzh/SOFTWARE/C/VI/add_errmsg	recovered categories
adduser	NEEDS-cio	WORKS-WITH-TRAPS	uub21osk_lzh/UUCPBB21/OBJECT/OSK/CMDS/adduser	recovered categories
adlcomp	RUNS	-	EFFO/forum3_lzh/CMDS/adlcomp	recovered categories
adldebug	RUNS	-	EFFO/forum3_lzh/CMDS/adldebug	recovered categories
adlrun	RUNS	-	EFFO/forum3_lzh/CMDS/adlrun	recovered categories
adltouch	RUNS	-	EFFO/forum3_lzh/CMDS/adltouch	recovered categories
advent0	NEEDS-cio		GAMES/colossal_lzh/advent0	older categories
afm2tfm	RUNS	-	dvips_source_lzh/CMDS/afm2tfm	recovered categories
ansishow	NEEDS-cio	WORKS-WITH-TRAPS	KWIN_LinkUp_1_0_lzh/CMDS/ansishow	recovered categories
answer	NEEDS-cio	WORKS-WITH-TRAPS	InfoXpress_FrontEnd_lzh/BNU/ELM_2.4/BIN/answer	recovered categories
apfel	RUNS	-	EFFO/forum6_lzh/HARDWARE/ATARI/GRAPH/DEMOS/apfel	recovered categories
arepdaemon	NEEDS-cio	WORKS-WITH-TRAPS	InfoXpress_FrontEnd_lzh/BNU/ELM_2.4/BIN/arepdaemon	recovered categories
argproc_demo	RUNS	-	EFFO/forum7_lzh/RICO/CMDS/argproc_demo	recovered categories
ask	RUNS	-	EFFO/forum20_lzh/FORUM20/SOFTWARE/PIPE/ask	recovered categories
atp	NEEDS-cio		TELECOM/KA9Q9501_gz/CMDS/atp	newly-opened archives
audioplay	RUNS	-	KWIN_LinkUp_1_0_lzh/CMDS/audioplay	recovered categories
authwn	RUNS	-	TELECOM/wn1_zip/WN_1.14.3/OSK/CMDS/authwn	recovered categories
autoreply	NEEDS-cio	WORKS-WITH-TRAPS	InfoXpress_FrontEnd_lzh/BNU/ELM_2.4/BIN/autoreply	recovered categories
backgammon	NEEDS-	WORKS-WITH-TRAPS	EFFO/forum5_lzh/CODE/backgammon	recovered categories
bcheck	NEEDS-	WORKS-WITH-TRAPS	forum11_lzh/SOFTWARE/CODE/F_SCHMITT/bcheck	recovered categories
bdecode	NEEDS-cio		TELECOM/GNU_ATP_1_40_lzh/input/bdecode	newly-opened archives
bibtex	RUNS	-	APPS/TeXSystem_lzh/texcmds.lzh.x/bibtex	older categories
bigsetter	RUNS	-	forum8_lzh/PROGRAMME/MODULA/SET/bigsetter	recovered categories
biory	RUNS	-	EFFO/forum5_lzh/SPRACHEN/FORTRAN/BIORY/biory	recovered categories
blastem	RUNS	-	TELECOM/blastem_lzh/BLASTEM/blastem	recovered categories
bootlogger	NEEDS-	WORKS-WITH-TRAPS	forum11_lzh/SOFTWARE/CODE/F_SCHMITT/bootlogger	recovered categories
break	NOOUTPUT	WORKS-WITH-TRAPS	EFFO/forum5_lzh/SPRACHEN/ASSEMBLER/break	recovered categories
btop	NOOUTPUT	WORKS-WITH-TRAPS	EFFO/forum20_lzh/FORUM20/HARDWARE/GEPARD/FAT_FONT/btop	recovered categories
btree	NEEDS-cio	WORKS-WITH-TRAPS	EFFO/forum2_lzh/CMDS/btree	recovered categories
byteflip	NEEDS-cio		TELECOM/GNU_ATP_1_40_lzh/dbz/byteflip	newly-opened archives
c7decode	NEEDS-cio		TELECOM/GNU_ATP_1_40_lzh/input/c7decode	newly-opened archives
callback	NEEDS-cio		TELECOM/rn_tar_Z/RCISCMDS/callback	newly-opened archives
cam	NEEDS-cio		GRAPHICS/TekDemos_t_Z/cam	older categories
cbmtopbm	NEEDS-cio		GRAPHICS/pbmexec_lzh/cbmtopbm	older categories
cc1	NEEDS-cio		GCC/gcc_1_42_cmds_lzh/cc1	older categories
cccp	NEEDS-cio		GCC/gcc_1_42_cmds_lzh/cccp	older categories
checkalias	NEEDS-cio	WORKS-WITH-TRAPS	InfoXpress_FrontEnd_lzh/BNU/ELM_2.4/BIN/checkalias	recovered categories
clear	NEEDS-	WORKS-WITH-TRAPS	forum16_lzh/SOFTWARE/C/CLEAR/clear	recovered categories
cmake	RUNS	-	CMDS/carlutil_lzh/cmake	older categories
colortest	NEEDS-csl	WORKS-WITH-TRAPS	colortest_lzh/colortest	recovered categories
combine	NEEDS-	WORKS-WITH-TRAPS	forum11_lzh/SOFTWARE/CODE/F_SCHMITT/combine	recovered categories
confer	RUNS	-	TELECOM/KWIN_LaTerm_1_1_lzh/confer	recovered categories
conference	NEEDS-cio		TELECOM/rn_tar_Z/RCISCMDS/conference	newly-opened archives
config	RUNS	-	EFFO/forum7_lzh/RICO/CMDS/config	recovered categories
constat	NEEDS-cio		TELECOM/rn_tar_Z/RCISCMDS/constat	newly-opened archives
convlist	NEEDS-cio		TELECOM/rn_tar_Z/RCISCMDS/convlist	newly-opened archives
convlog	NEEDS-cio		TELECOM/rn_tar_Z/RCISCMDS/convlog	newly-opened archives
counter	NEEDS-cio	WORKS-WITH-TRAPS	TELECOM/wn2_zip/WN_1.14.3/OSK/DOCS/COUNTER/counter	recovered categories
cpu	NEEDS-cio	STILL-TRAP	forum11_lzh/SOFTWARE/CODE/F_SCHMITT/cpu	recovered categories
creadoc	RUNS	-	EFFO/forum5_lzh/SPRACHEN/FORTRAN/CREADOC/creadoc	recovered categories
cyberwar	NEEDS-csl	STILL-TRAP	GWINDOWS/cyberwar_lzh/CyberWar	recovered categories
dbz	NEEDS-cio		TELECOM/GNU_ATP_1_40_lzh/dbz/dbz	newly-opened archives
dclock	NEEDS-csl	WORKS-WITH-TRAPS	GWINDOWS/dclock_lzh/dclock	recovered categories
demerge	RUNS	-	forum16_lzh/SOFTWARE/ASSEMBLER/DEMERGE/demerge	recovered categories
demo	RUNS	-	EFFO/forum7_lzh/RICO/CMDS/egetopt_demo	recovered categories
devprc	RUNS	-	forum16_lzh/SOFTWARE/C/DEVPRC/devprc	recovered categories
disable	NEEDS-cio	WORKS-WITH-TRAPS	uucp_lzh/BNU/UUCP/BIN/disable	recovered categories
dld	NEEDS-cio	WORKS-WITH-TRAPS	TELECOM/XmodemUpDown_lzh/CMDS/dld	recovered categories
dload	NEEDS-cio	WORKS-WITH-TRAPS	EFFO/forum4_lzh/CODE/dload	recovered categories
doform.cgi	NEEDS-cio	WORKS-WITH-TRAPS	TELECOM/wn2_zip/WN_1.14.3/OSK/DOCS/EXAMPLES/doform.cgi	recovered categories
dotilde	NEEDS-cio	WORKS-WITH-TRAPS	uub21osk_lzh/UUCPBB21/OBJECT/OSK/CMDS/dotilde	recovered categories
dvialw	RUNS	-	APPS/TeXSystem_lzh/dvitranslators.lzh.x/dvialw	older categories
dvidjp	RUNS	-	APPS/TeXSystem_lzh/dvitranslators.lzh.x/dvidjp	older categories
dvieps	RUNS	-	APPS/TeXSystem_lzh/dvitranslators.lzh.x/dvieps	older categories
dviimp	RUNS	-	APPS/TeXSystem_lzh/dvitranslators.lzh.x/dviimp	older categories
dvijep	RUNS	-	APPS/TeXSystem_lzh/dvitranslators.lzh.x/dvijep	older categories
dvijet	RUNS	-	APPS/TeXSystem_lzh/dvitranslators.lzh.x/dvijet	older categories
dvilj2	RUNS	-	APPS/TeXSystem_lzh/dvitranslators.lzh.x/dvilj2	older categories
dvimac	RUNS	-	APPS/TeXSystem_lzh/dvitranslators.lzh.x/dvimac	older categories
dvioki	RUNS	-	APPS/TeXSystem_lzh/dvitranslators.lzh.x/dvioki	older categories
dvips	RUNS	-	dvips_source_lzh/CMDS/dvips	recovered categories
dvitos	RUNS	-	APPS/TeXSystem_lzh/dvitranslators.lzh.x/dvitos	older categories
dvitype	RUNS	-	APPS/TeXSystem_lzh/texcmds.lzh.x/dvitype	older categories
e	RUNS	-	forum11_lzh/SOFTWARE/C/SEDT_EDITOR/CMDS/sedtvt220	recovered categories
elm	NEEDS-cio	WORKS-WITH-TRAPS	InfoXpress_FrontEnd_lzh/BNU/ELM_2.4/BIN/elm	recovered categories
em	RUNS	-	EFFO/forum3_lzh/CMDS/em	recovered categories
enable	NEEDS-cio	WORKS-WITH-TRAPS	uucp_lzh/BNU/UUCP/BIN/enable	recovered categories
envi	NEEDS-cio	WORKS-WITH-TRAPS	TELECOM/wn2_zip/WN_1.14.3/OSK/DOCS/COUNTER/envi	recovered categories
epson	NEEDS-	WORKS-WITH-TRAPS	forum15_lzh/SOFTWARE/C/SPLINE/CMDS/epson	recovered categories
every	NEEDS-cio	WORKS-WITH-TRAPS	EFFO/forum2_lzh/CMDS/every	recovered categories
expire	NEEDS-cio	WORKS-WITH-TRAPS	TELECOM/uubb21p1_lzh/UUCPBB21/OBJECT/OSK/CMDS/expire	recovered categories
expreserve	NEEDS-	WORKS-WITH-TRAPS	forum13_lzh/SOFTWARE/C/VI/expreserve	recovered categories
exrecover	NEEDS-	WORKS-WITH-TRAPS	forum13_lzh/SOFTWARE/C/VI/exrecover	recovered categories
fastcc	NEEDS-	WORKS-WITH-TRAPS	forum16_lzh/SOFTWARE/C/CC/fastcc	recovered categories
fastmail	NEEDS-cio	WORKS-WITH-TRAPS	InfoXpress_FrontEnd_lzh/BNU/ELM_2.4/BIN/fastmail	recovered categories
filelist	NEEDS-cio		TELECOM/rn_tar_Z/RCISCMDS/filelist	newly-opened archives
fileserv	NEEDS-cio	WORKS-WITH-TRAPS	uub21osk_lzh/UUCPBB21/OBJECT/OSK/CMDS/fileserv	recovered categories
filter	RUNS	-	InfoXpress_FrontEnd_lzh/BNU/ELM_2.4/BIN/filter	recovered categories
finger	NEEDS-cio		CMDS/finger_ar/finger	newly-opened archives
fixtext	NEEDS-cio	WORKS-WITH-TRAPS	uub21osk_lzh/UUCPBB21/OBJECT/OSK/CMDS/fixtext	recovered categories
fixyear	RUNS	-	DRIVERS/file3988/y2kit/fixyear	newly-opened archives
fontgen	RUNS	-	EFFO/forum3_lzh/FONT/fontgen	recovered categories
frm	NEEDS-cio	WORKS-WITH-TRAPS	InfoXpress_FrontEnd_lzh/BNU/ELM_2.4/BIN/frm	recovered categories
g	NEEDS-	STILL-TRAP	EFFO/forum6_lzh/HARDWARE/ATARI/GRAPH/DEMOS/demo2	recovered categories
getsys	NEEDS-cio	WORKS-WITH-TRAPS	EFFO/forum23_lzh/f23b/SOFTWARE/GETSYS/getsys	recovered categories
gftopk	RUNS	-	APPS/TeXSystem_lzh/texcmds.lzh.x/gftopk	older categories
gftype	RUNS	-	APPS/TeXSystem_lzh/texcmds.lzh.x/gftype	older categories
ggrep	NEEDS-cio		SHELLS/sh_utils73_lzh/CMDS/ggrep	older categories
gnuplot_x11	NEEDS-cio		GRAPHICS/gnuplot32x_tar_Z/os9gnuplot3/gnuplot_X11	older categories
gport	NEEDS-cio	WORKS-WITH-TRAPS	KWIN_LinkUp_1_0_lzh/CMDS/gport	recovered categories
graph	RUNS	-	EFFO/forum4_lzh/RECHNER/ATARI/graph	recovered categories
graphdemo	RUNS	-	EFFO/forum6_lzh/HARDWARE/ATARI/GRAPH/DEMOS/graphdemo	recovered categories
graphsave	RUNS	-	EFFO/forum6_lzh/HARDWARE/ATARI/GRAPH/DEMOS/graphsave	recovered categories
greg	NEEDS-cio	WORKS-WITH-TRAPS	EFFO/forum6_lzh/PROGRAMME/C/GREG/greg	recovered categories
hex	RUNS	-	CMDS/hexedit_tgz/hexedit/hex	older categories
hinterhalt	NEEDS-cio	WORKS-WITH-TRAPS	EFFO/forum7_lzh/C/HINTERHALT/hinterhalt	recovered categories
i_am_i	RUNS	-	forum16_lzh/SOFTWARE/PASCAL/I_AM_I/i_am_i	recovered categories
incoming	NEEDS-cio		TELECOM/rn_tar_Z/RCISCMDS/Incoming	newly-opened archives
inetd	NEEDS-cio	WORKS-WITH-TRAPS	TELECOM/wn1_zip/WN_1.14.3/OSK/CMDS/inetd	recovered categories
inetdc	NEEDS-cio	WORKS-WITH-TRAPS	TELECOM/wn1_zip/WN_1.14.3/OSK/CMDS/inetdc	recovered categories
infoxpress	RUNS	-	TELECOM/KA9Q9501_txt/infoxpress	newly-opened archives
inimf	RUNS	-	APPS/TeXSystem_lzh/texcmds.lzh.x/inimf	older categories
initex	RUNS	-	APPS/TeXSystem_lzh/texcmds.lzh.x/initex	older categories
inject	NEEDS-cio		TELECOM/rn_tar_Z/RCISCMDS/inject	newly-opened archives
insuser	NEEDS-cio		TELECOM/rn_tar_Z/RCISCMDS/Insuser	newly-opened archives
isam	NEEDS-cio	WORKS-WITH-TRAPS	EFFO/forum2_lzh/CMDS/isam	recovered categories
k	RUNS	-	xyz_lzh/CMDS/k	recovered categories
keysrch	RUNS	-	TELECOM/rn_tar_Z/RCISCMDS/keysrch	newly-opened archives
ktonine	NEEDS-cio		TELECOM/rn_tar_Z/RCISCMDS/ktonine	newly-opened archives
lader	NEEDS-cio		LANGUAGES/f68k_tar_Z/os9/os9lader	older categories
ladial	RUNS	-	TELECOM/KWIN_LaTerm_1_1_lzh/LaDial	recovered categories
laterm	RUNS	-	TELECOM/KWIN_LaTerm_1_1_lzh/LaTerm	recovered categories
latex	RUNS	-	APPS/TeXSystem_lzh/texcmds.lzh.x/latex	older categories
lcasep	NEEDS-cio	WORKS-WITH-TRAPS	TELECOM/smail25_lzh/BNU/SMAIL_2.5/BIN/lcasep	recovered categories
lfmaker	RUNS	-	GWINDOWS/lfmaker_lzh/lfmaker	recovered categories
lgrep	NEEDS-	WORKS-WITH-TRAPS	forum13_lzh/SOFTWARE/C/LGREP/lgrep	recovered categories
liborder.os9	RUNS	-	forum15_lzh/SOFTWARE/C/LIBUTILS/liborder	recovered categories
linkup	NEEDS-cio	WORKS-WITH-TRAPS	KWIN_LinkUp_1_0_lzh/CMDS/linkup	recovered categories
lissaj	NEEDS-cio		GRAPHICS/TekDemos_t_Z/lissaj	older categories
listalias	NEEDS-cio	WORKS-WITH-TRAPS	InfoXpress_FrontEnd_lzh/BNU/ELM_2.4/BIN/listalias	recovered categories
lmail	NEEDS-cio	WORKS-WITH-TRAPS	uucp_lzh/BNU/UUCP/BIN/lmail	recovered categories
lmargin	NEEDS-	WORKS-WITH-TRAPS	forum15_lzh/SOFTWARE/C/SPLINE/CMDS/lmargin	recovered categories
lorenz3d	NEEDS-cio		GRAPHICS/TekDemos_t_Z/lorenz3d	older categories
lpsched	NEEDS-cio	WORKS-WITH-TRAPS	EFFO/forum4_lzh/CODE/lpsched	recovered categories
lunisolar	NEEDS-	STILL-TRAP	forum16_lzh/SOFTWARE/C/LUNISOLAR/lunisolar	recovered categories
mail	NEEDS-cio	WORKS-WITH-TRAPS	EFFO/forum5_lzh/CODE/mail	recovered categories
mailx	NEEDS-cio	WORKS-WITH-TRAPS	uub21osk_lzh/UUCPBB21/OBJECT/OSK/CMDS/mailx	recovered categories
makecrc	RUNS	-	APPS/macutils_lzh/MACUTILS/CRC/makecrc	older categories
makedb	RUNS	-	philmail_lzh/BNU/PALIAS/BIN/makedb	recovered categories
maketexpk	RUNS	-	dvips_source_lzh/CMDS/MakeTeXPK	recovered categories
map	NEEDS-cio	WORKS-WITH-TRAPS	EFFO/forum5_lzh/SPRACHEN/C/MAP/map	recovered categories
messages	NEEDS-cio	WORKS-WITH-TRAPS	InfoXpress_FrontEnd_lzh/BNU/ELM_2.4/BIN/messages	recovered categories
modinfo	RUNS	-	forum15_lzh/SOFTWARE/C/MODINFO/modinfo	recovered categories
msgedit	NEEDS-cio		TELECOM/rn_tar_Z/RCISCMDS/MSGEdit	newly-opened archives
msgext	NEEDS-cio		TELECOM/rn_tar_Z/RCISCMDS/msgext	newly-opened archives
msglist	NEEDS-cio		TELECOM/rn_tar_Z/RCISCMDS/msglist	newly-opened archives
mshell	NEEDS-	WORKS-WITH-TRAPS	forum9_lzh/PROGRAMME/C/MSHELL/mshell	recovered categories
msntp	RUNS	-	NETWORK/netpbm_cmds_lzh/PROJECTS/UTILITIES/MSTCP/msntp-1.5-os9/ODIR/msntp	newly-opened archives
mvolformat	RUNS	-	forum9_lzh/PROGRAMME/C/MVOLFORMAT/mvolformat	recovered categories
names	NEEDS-cio	WORKS-WITH-TRAPS	EFFO/forum5_lzh/SPRACHEN/C/NAMES/names	recovered categories
ndel	NEEDS-cio		TELECOM/rn_tar_Z/RCISCMDS/ndel	newly-opened archives
net	NOEXEC	WORKS-WITH-TRAPS	KA9Q_net_9410_gz/net	recovered categories
netlist	NEEDS-cio		TELECOM/rn_tar_Z/RCISCMDS/Netlist	newly-opened archives
new_e	RUNS	-	forum11_lzh/SOFTWARE/C/SEDT_EDITOR/CMDS/sedtvtxxx	recovered categories
newalias	NEEDS-cio	WORKS-WITH-TRAPS	InfoXpress_FrontEnd_lzh/BNU/ELM_2.4/BIN/newalias	recovered categories
newmail	NEEDS-cio	WORKS-WITH-TRAPS	InfoXpress_FrontEnd_lzh/BNU/ELM_2.4/BIN/newmail	recovered categories
newshist	NEEDS-		TELECOM/GNU_ATP_1_40_lzh/misc/newshist	newly-opened archives
newslist	NEEDS-cio		TELECOM/rn_tar_Z/RCISCMDS/newslist	newly-opened archives
newslock	NEEDS-		TELECOM/GNU_ATP_1_40_lzh/misc/newslock	newly-opened archives
ninetok	NEEDS-cio		TELECOM/rn_tar_Z/RCISCMDS/ninetok	newly-opened archives
nodeoff	NEEDS-cio		TELECOM/rn_tar_Z/RCISCMDS/nodeoff	newly-opened archives
nodeon	NEEDS-cio		TELECOM/rn_tar_Z/RCISCMDS/nodeon	newly-opened archives
nodup	NEEDS-cio		TELECOM/rn_tar_Z/RCISCMDS/nodup	newly-opened archives
nptx	NEEDS-cio	WORKS-WITH-TRAPS	TELECOM/smail25_lzh/BNU/SMAIL_2.5/BIN/nptx	recovered categories
online	NEEDS-cio		TELECOM/rn_tar_Z/RCISCMDS/online	newly-opened archives
os9edit	NEEDS-cio		TELECOM/rn_tar_Z/RCISCMDS/os9edit	newly-opened archives
os9toansi	NEEDS-cio		TELECOM/rn_tar_Z/RCISCMDS/OS9toANSI	newly-opened archives
osknet	NOEXEC	WORKS-WITH-TRAPS	NETWORK/osknet12_tar_gz/OSKNET.DIST/CMDS/osknet	recovered categories
packmsg	NEEDS-cio		TELECOM/rn_tar_Z/RCISCMDS/packmsg	newly-opened archives
passwd	RUNS	-	EFFO/forum5_lzh/SPRACHEN/C/PASSWD/passwd	recovered categories
pathalias	RUNS	-	philmail_lzh/BNU/PALIAS/BIN/pathalias	recovered categories
pbmcatlr	NEEDS-cio		GRAPHICS/pbmexec_lzh/pbmcatlr	older categories
pbmcattb	NEEDS-cio		GRAPHICS/pbmexec_lzh/pbmcattb	older categories
pbmcrop	NEEDS-cio		GRAPHICS/pbmexec_lzh/pbmcrop	older categories
pbmcut	NEEDS-cio		GRAPHICS/pbmexec_lzh/pbmcut	older categories
pbmenlarge	NEEDS-cio		GRAPHICS/pbmexec_lzh/pbmenlarge	older categories
pbmfliplr	NEEDS-cio		GRAPHICS/pbmexec_lzh/pbmfliplr	older categories
pbmfliptb	NEEDS-cio		GRAPHICS/pbmexec_lzh/pbmfliptb	older categories
pbminvert	NEEDS-cio		GRAPHICS/pbmexec_lzh/pbminvert	older categories
pbmpaste	NEEDS-cio		GRAPHICS/pbmexec_lzh/pbmpaste	older categories
pbmtocbm	NEEDS-cio		GRAPHICS/pbmexec_lzh/pbmtocbm	older categories
pbmtops	NEEDS-cio		GRAPHICS/pbmexec_lzh/pbmtops	older categories
pbmtrnspos	NEEDS-cio		GRAPHICS/pbmexec_lzh/pbmtrnspos	older categories
philmail	RUNS	-	TELECOM/RCIS_2_3_demo_lzh/philmail	recovered categories
phone	RUNS	-	EFFO/forum5_lzh/CODE/phone	recovered categories
pktogf	RUNS	-	APPS/TeXSystem_lzh/texcmds.lzh.x/pktogf	older categories
pktype	RUNS	-	APPS/TeXSystem_lzh/texcmds.lzh.x/pktype	older categories
pltotf	RUNS	-	APPS/TeXSystem_lzh/texcmds.lzh.x/pltotf	older categories
postnews	NEEDS-cio	WORKS-WITH-TRAPS	uub21osk_lzh/UUCPBB21/OBJECT/OSK/CMDS/postnews	recovered categories
preset	RUNS	-	EFFO/forum3_lzh/CMDS/preset	recovered categories
pri	RUNS	-	EFFO/forum4_lzh/CODE/pri	recovered categories
printmail	NEEDS-cio	WORKS-WITH-TRAPS	InfoXpress_FrontEnd_lzh/BNU/ELM_2.4/BIN/printmail	recovered categories
ptob	NOOUTPUT	WORKS-WITH-TRAPS	EFFO/forum20_lzh/FORUM20/HARDWARE/GEPARD/FAT_FONT/ptob	recovered categories
ptxminst	RUNS	-	DRIVERS/ptybin_lzh/ptxminst	recovered categories
puzzle	NEEDS-csl	WORKS-WITH-TRAPS	GWINDOWS/puzzle_68k_lzh/puzzle	recovered categories
pwparse	NEEDS-cio	WORKS-WITH-TRAPS	TELECOM/smail25_lzh/BNU/SMAIL_2.5/BIN/pwparse	recovered categories
qr.cgi	RUNS	-	TELECOM/wn2_zip/WN_1.14.3/OSK/DOCS/EXAMPLES/qr.cgi	recovered categories
quote	NEEDS-cio		TELECOM/rn_tar_Z/RCISCMDS/quote	newly-opened archives
rcbulletin	NEEDS-cio		TELECOM/rn_tar_Z/RCISCMDS/rcbulletin	newly-opened archives
rchat	NEEDS-cio		TELECOM/rn_tar_Z/RCISCMDS/rChat	newly-opened archives
rcis	NEEDS-cio		TELECOM/rn_tar_Z/RCISCMDS/rcis	newly-opened archives
rcron	NEEDS-cio		TELECOM/rn_tar_Z/RCISCMDS/rcron	newly-opened archives
read_mail	NEEDS-	WORKS-WITH-TRAPS	forum13_lzh/SOFTWARE/C/VI/read_mail	recovered categories
readmsg	NEEDS-cio	WORKS-WITH-TRAPS	InfoXpress_FrontEnd_lzh/BNU/ELM_2.4/BIN/readmsg	recovered categories
readnews	NEEDS-cio	WORKS-WITH-TRAPS	uub21osk_lzh/UUCPBB21/OBJECT/OSK/CMDS/readnews	recovered categories
regex	NEEDS-cio		GNU/gawk_2_11_tar_Z/GAWK/regex	older categories
repeat	RUNS	-	forum10_lzh/SOFTWARE/C/REPEAT/repeat	recovered categories
rmail	NEEDS-cio	WORKS-WITH-TRAPS	uub21osk_lzh/UUCPBB21/OBJECT/OSK/CMDS/rmail	recovered categories
rndir	NEEDS-	WORKS-WITH-TRAPS	forum12_lzh/SOFTWARE/CODE/rndir	recovered categories
rnews	NEEDS-cio	WORKS-WITH-TRAPS	uub21osk_lzh/UUCPBB21/OBJECT/OSK/CMDS/rnews	recovered categories
rxmod	RUNS	-	forum15_lzh/SOFTWARE/ASSEMBLER/SERLOAD/CMDS/rxmod	recovered categories
rz	RUNS	-	rzsz_3_36_3_OSK_lzh/CMDS/rz	recovered categories
sample.cgi	NEEDS-cio	WORKS-WITH-TRAPS	TELECOM/wn2_zip/WN_1.14.3/OSK/DOCS/EXAMPLES/sample.cgi	recovered categories
scriptmaster	NEEDS-csl	WORKS-WITH-TRAPS	GWINDOWS/scriptmaster_lzh/scriptmaster	recovered categories
scsiutil	RUNS	-	MISC/scsiutil_lzh/SCSIUTIL/SCSIutil	older categories
send_break	RUNS	-	TELECOM/KWIN_LaTerm_1_1_lzh/send_break	recovered categories
setime2	RUNS	-	DRIVERS/file3988/y2kit/setime2	newly-opened archives
setyear	RUNS	-	DRIVERS/file3988/y2kit/setyear	newly-opened archives
showpic	RUNS	-	EFFO/forum6_lzh/HARDWARE/ATARI/GRAPH/DEMOS/showpic	recovered categories
sine	RUNS	-	EFFO/forum6_lzh/HARDWARE/ATARI/GRAPH/DEMOS/sine	recovered categories
slitex	RUNS	-	APPS/TeXSystem_lzh/texcmds.lzh.x/slitex	older categories
smail	NEEDS-cio	WORKS-WITH-TRAPS	TELECOM/smail25_lzh/BNU/SMAIL_2.5/BIN/smail	recovered categories
smbmount	RUNS	-	smbfm209t_zip/smbmount	recovered categories
snd_sig	NEEDS-cio	WORKS-WITH-TRAPS	EFFO/forum6_lzh/PROGRAMME/C/SND_SIG/snd_sig	recovered categories
spline	NEEDS-	STILL-TRAP	forum15_lzh/SOFTWARE/C/SPLINE/CMDS/spline	recovered categories
sqrtx	RUNS	-	EFFO/forum1_lzh/CMDS/sqrtx	recovered categories
sterm	RUNS	-	TELECOM/STerm68k_lzh/STerm	recovered categories
strcmp	NEEDS-cio		SHELLS/shell_lzh/CMDS/strcmp	older categories
striche	NEEDS-	STILL-TRAP	EFFO/forum6_lzh/HARDWARE/ATARI/GRAPH/DEMOS/striche	recovered categories
strip	NEEDS-cio		TELECOM/rn_tar_Z/RCISCMDS/strip	newly-opened archives
submit	NEEDS-cio	WORKS-WITH-TRAPS	EFFO/forum4_lzh/CODE/submit	recovered categories
subscribe	NEEDS-cio	WORKS-WITH-TRAPS	uub21osk_lzh/UUCPBB21/OBJECT/OSK/CMDS/subscribe	recovered categories
suse	RUNS	-	EFFO/forum2_lzh/CMDS/suse	recovered categories
suspend	NEEDS-	WORKS-WITH-TRAPS	forum11_lzh/SOFTWARE/CODE/F_SCHMITT/suspend	recovered categories
sz	RUNS	-	rzsz_3_24_3_OSK_lzh/CMDS/sz	recovered categories
t_trtest	RUNS	-	EFFO/forum7_lzh/RICO/CMDS/t_trtest	recovered categories
tangle	RUNS	-	APPS/TeXSystem_lzh/tangleweave.lzh.x/tangle	older categories
teachgammon	NEEDS-	WORKS-WITH-TRAPS	EFFO/forum5_lzh/CODE/teachgammon	recovered categories
terminal	NEEDS-cio	WORKS-WITH-TRAPS	KWIN_Terminal_1_00_lzh/CMDS/terminal	recovered categories
testibc	RUNS	-	forum10_lzh/SOFTWARE/PASCAL/IEEE/CMDS/testibc	recovered categories
testpad	RUNS	-	GNU/gnutar_1_10_t_Z/TAR/testpad	older categories
tex	RUNS	-	APPS/TeXSystem_lzh/texcmds.lzh.x/tex	older categories
texidx	RUNS	-	APPS/TeXSystem_lzh/texcmds.lzh.x/texidx	older categories
tftopl	RUNS	-	APPS/TeXSystem_lzh/texcmds.lzh.x/tftopl	older categories
transfer	NEEDS-cio	WORKS-WITH-TRAPS	EFFO/forum1_lzh/CMDS/transfer	recovered categories
trunc	NEEDS-cio	WORKS-WITH-TRAPS	EFFO/forum23_lzh/f23b/SOFTWARE/TRUNC/trunc	recovered categories
tsmon	NEEDS-cio		TELECOM/rn_tar_Z/RCISCMDS/tsmon	newly-opened archives
tsu	NEEDS-csl	WORKS-WITH-TRAPS	TELECOM/tterm_68k_lzh/tsu	recovered categories
tterm	NEEDS-csl	WORKS-WITH-TRAPS	TELECOM/tterm_68k_lzh/tterm	recovered categories
tty	NEEDS-cio	WORKS-WITH-TRAPS	EFFO/forum6_lzh/PROGRAMME/CODE/tty	recovered categories
txmod	RUNS	-	forum15_lzh/SOFTWARE/ASSEMBLER/SERLOAD/CMDS/txmod	recovered categories
uac_view	RUNS	-	CMDS/uac_tar_z/UAC/CMDS/UAC_view	older categories
ubdemo	RUNS	-	DEMOS/UB_68020_LZH/ubdemo	older categories
uld	NEEDS-cio	WORKS-WITH-TRAPS	TELECOM/XmodemUpDown_lzh/CMDS/uld	recovered categories
umacs	NEEDS-cio	WORKS-WITH-TRAPS	EFFO/forum1_lzh/CMDS/umacs	recovered categories
umusek	RUNS	-	CMDS/umek9111_lzh/dd/cmds/UMusEK	older categories
unpacklib.os9	RUNS	-	forum15_lzh/SOFTWARE/C/LIBUTILS/unpacklib	recovered categories
unsubscribe	NEEDS-cio	WORKS-WITH-TRAPS	uub21osk_lzh/UUCPBB21/OBJECT/OSK/CMDS/unsubscribe	recovered categories
usersort	NEEDS-cio		TELECOM/rn_tar_Z/RCISCMDS/Usersort	newly-opened archives
uucico	NEEDS-cio	WORKS-WITH-TRAPS	uub21osk_lzh/UUCPBB21/OBJECT/OSK/CMDS/uucico	recovered categories
uuclean	NEEDS-cio	WORKS-WITH-TRAPS	uub21osk_lzh/UUCPBB21/OBJECT/OSK/CMDS/uuclean	recovered categories
uucp	NEEDS-cio	WORKS-WITH-TRAPS	uub21osk_lzh/UUCPBB21/OBJECT/OSK/CMDS/uucp	recovered categories
uulog	NEEDS-cio	WORKS-WITH-TRAPS	uub21osk_lzh/UUCPBB21/OBJECT/OSK/CMDS/uulog	recovered categories
uuname	NEEDS-cio	WORKS-WITH-TRAPS	uucp_lzh/BNU/UUCP/BIN/uuname	recovered categories
uupoll	NEEDS-cio	WORKS-WITH-TRAPS	uucp_lzh/BNU/UUCP/BIN/uupoll	recovered categories
uux	NEEDS-cio	WORKS-WITH-TRAPS	uucp_lzh/BNU/UUCP/BIN/uux	recovered categories
uuxqt	NEEDS-cio	WORKS-WITH-TRAPS	uub21osk_lzh/UUCPBB21/OBJECT/OSK/CMDS/uuxqt	recovered categories
vc	NEEDS-cio	WORKS-WITH-TRAPS	EFFO/forum7_lzh/C/VC/vc	recovered categories
vecho	RUNS	-	SRC/less_v177_lzh/less/vecho	older categories
vftovp	RUNS	-	APPS/TeXSystem_lzh/texcmds.lzh.x/vftovp	older categories
virmf	RUNS	-	APPS/TeXSystem_lzh/texcmds.lzh.x/virmf	older categories
virtex	RUNS	-	APPS/TeXSystem_lzh/texcmds.lzh.x/virtex	older categories
vlen	NEEDS-cio	WORKS-WITH-TRAPS	EFFO/forum2_lzh/CMDS/vlen	recovered categories
vptovf	RUNS	-	APPS/TeXSystem_lzh/texcmds.lzh.x/vptovf	older categories
watchdog	NEEDS-cio		TELECOM/rn_tar_Z/RCISCMDS/watchdog	newly-opened archives
weave	RUNS	-	APPS/TeXSystem_lzh/tangleweave.lzh.x/weave	older categories
wgen	RUNS	-	GRAPHICS/TekDemos_t_Z/wgen	older categories
what	RUNS	-	EFFO/forum5_lzh/RECHNER/GEPARD/what	recovered categories
whenclear	RUNS	-	TELECOM/rn_tar_Z/RCISCMDS/whenclear	newly-opened archives
wisecrack	NOOUTPUT	WORKS-WITH-TRAPS	EFFO/forum20_lzh/FORUM20/SOFTWARE/PIPE/wisecrack	recovered categories
wn	RUNS	-	TELECOM/wn2_zip/WN_1.14.3/OSK/CMDS/wn	recovered categories
wndex	RUNS	-	TELECOM/wn2_zip/WN_1.14.3/OSK/CMDS/wndex	recovered categories
xlharc	RUNS	-	EFFO/forum21_lzh/FORUM21/software/xlharc	recovered categories
xwdtopbm	NEEDS-cio		GRAPHICS/pbmexec_lzh/xwdtopbm	older categories
xxxtopbm	NEEDS-cio		GRAPHICS/pbmexec_lzh/xxxtopbm	older categories
xy	RUNS	-	xyz_lzh/CMDS/xy	recovered categories
xydown	RUNS	-	TELECOM/XYDown_lzh/CMDS/xydown	recovered categories
xyrec	NEEDS-cio		TELECOM/rn_tar_Z/RCISCMDS/xyrec	newly-opened archives
xysend	NEEDS-cio		TELECOM/rn_tar_Z/RCISCMDS/XYSend	newly-opened archives
xyt	NEEDS-csl	WORKS-WITH-TRAPS	TELECOM/tterm_68k_lzh/xyt	recovered categories
yagi	RUNS	-	TELECOM/OSKTag_2_01_lzh/d2/MAILBOX/PROGRAMS/yagi	recovered categories
ynad	NEEDS-cio	WORKS-WITH-TRAPS	EFFO/forum2_lzh/CMDS/ynad	recovered categories
z	RUNS	-	xyz_lzh/CMDS/z	recovered categories
