program	archive	member
advent	/Users/rdoggett/Developer/os9/Scraped/os9/PUBCMDS/microware-archive/GAMES/colossal.lzh	advent.c
afm2tfm	/Users/rdoggett/Developer/os9/Scraped/os9/PUBCMDS/microware-archive/DRIVERS/nulman.lzh	afm2tfm.c
asciitopgm	/Users/rdoggett/Developer/os9/Scraped/os9/PUBCMDS/microware-archive/NETWORK/osknet.readme	NETPBM/PGM/asciitopgm.c
atktopbm	/Users/rdoggett/Developer/os9/Scraped/os9/PUBCMDS/microware-archive/NETWORK/osknet.readme	NETPBM/PBM/atktopbm.c
bioradtopgm	/Users/rdoggett/Developer/os9/Scraped/os9/PUBCMDS/microware-archive/NETWORK/osknet.readme	NETPBM/PGM/bioradtopgm.c
bmptoppm	/Users/rdoggett/Developer/os9/Scraped/os9/PUBCMDS/microware-archive/NETWORK/osknet.readme	NETPBM/PPM/bmptoppm.c
brushtopbm	/Users/rdoggett/Developer/os9/Scraped/os9/PUBCMDS/microware-archive/NETWORK/osknet.readme	NETPBM/PBM/brushtopbm.c
cmuwmtopbm	/Users/rdoggett/Developer/os9/Scraped/os9/PUBCMDS/microware-archive/NETWORK/osknet.readme	NETPBM/PBM/cmuwmtopbm.c
collect	/Users/rdoggett/Developer/os9/Scraped/os9/PUBCMDS/microware-archive/APPS/nn6.3.10.lzh	NN/collect.c
compr	/Users/rdoggett/Developer/os9/Scraped/os9/PUBCMDS/microware-archive/TELECOM/mtp.lzh	MNEWS/RNEWS/compr.c
dvips	/Users/rdoggett/Developer/os9/Scraped/os9/PUBCMDS/microware-archive/DRIVERS/nulman.lzh	dvips.c
env	/Users/rdoggett/Developer/os9/Scraped/os9/PUBCMDS/microware-archive/SRC/linkup_src.tar.gz	linkup_src/env.c
eset	/Users/rdoggett/Developer/os9/Scraped/os9/PUBCMDS/microware-archive/EFFO/forum4.lzh	SPRACHEN/C/EVENTS/eset.c
field	/Users/rdoggett/Developer/os9/Scraped/os9/PUBCMDS/microware-archive/GNU/gawk_2.11.tar.Z	GAWK/field.c
fitstopnm	/Users/rdoggett/Developer/os9/Scraped/os9/PUBCMDS/microware-archive/NETWORK/osknet.readme	NETPBM/PNM/fitstopnm.c
fixyear	/Users/rdoggett/Developer/os9/Scraped/os9/PUBCMDS/microware-archive/DRIVERS/file3988	y2kit/fixyear.c
fstopgm	/Users/rdoggett/Developer/os9/Scraped/os9/PUBCMDS/microware-archive/NETWORK/osknet.readme	NETPBM/PGM/fstopgm.c
g3topbm	/Users/rdoggett/Developer/os9/Scraped/os9/PUBCMDS/microware-archive/NETWORK/osknet.readme	NETPBM/PBM/g3topbm.c
gemtopbm	/Users/rdoggett/Developer/os9/Scraped/os9/PUBCMDS/microware-archive/NETWORK/osknet.readme	NETPBM/PBM/gemtopbm.c
giftopnm	/Users/rdoggett/Developer/os9/Scraped/os9/PUBCMDS/microware-archive/NETWORK/osknet.readme	NETPBM/PNM/giftopnm.c
gouldtoppm	/Users/rdoggett/Developer/os9/Scraped/os9/PUBCMDS/microware-archive/NETWORK/osknet.readme	NETPBM/PPM/gouldtoppm.c
grep	/Users/rdoggett/Developer/os9/Scraped/os9/PUBCMDS/microware-archive/GNU/gnugrep_2.0.lzh	GREP2.0/grep.c
head	/Users/rdoggett/Developer/os9/Scraped/os9/PUBCMDS/microware-archive/TELECOM/file4352	head.c
hipstopgm	/Users/rdoggett/Developer/os9/Scraped/os9/PUBCMDS/microware-archive/NETWORK/osknet.readme	NETPBM/PGM/hipstopgm.c
hpcdtoppm	/Users/rdoggett/Developer/os9/Scraped/os9/PUBCMDS/microware-archive/NETWORK/osknet.readme	NETPBM/PPM/hpcdtoppm.c
icontopbm	/Users/rdoggett/Developer/os9/Scraped/os9/PUBCMDS/microware-archive/NETWORK/osknet.readme	NETPBM/PBM/icontopbm.c
ilbmtoppm	/Users/rdoggett/Developer/os9/Scraped/os9/PUBCMDS/microware-archive/NETWORK/osknet.readme	NETPBM/PPM/ilbmtoppm.c
imgtoppm	/Users/rdoggett/Developer/os9/Scraped/os9/PUBCMDS/microware-archive/NETWORK/osknet.readme	NETPBM/PPM/imgtoppm.c
infocom	/Users/rdoggett/Developer/os9/Scraped/os9/PUBCMDS/microware-archive/GAMES/infocom_src.lha	infocom.c
infoxpress	/Users/rdoggett/Developer/os9/Scraped/os9/PUBCMDS/microware-archive/TELECOM/KA9Q9501.txt	infoxpress.c
lgrep	/Users/rdoggett/Developer/os9/Scraped/os9/PUBCMDS/microware-archive/MISC/lgrep_v2.lzh	lgrep.c
lgrep	/Users/rdoggett/Developer/os9/Scraped/os9/PUBCMDS/microware-archive/EFFO/forum13.lzh	SOFTWARE/C/LGREP/lgrep.c
lharc	/Users/rdoggett/Developer/os9/Scraped/os9/PUBCMDS/microware-archive/ARCHIVERS/lha205.lzh	lharc.c
lharc	/Users/rdoggett/Developer/os9/Scraped/os9/PUBCMDS/microware-archive/ARCHIVERS/lha208src.lzh	LHA/SRC/lharc.c
lharc	/Users/rdoggett/Developer/os9/Scraped/os9/PUBCMDS/microware-archive/ARCHIVERS/lhasrc.lzh	lharc.c
lharc	/Users/rdoggett/Developer/os9/Scraped/os9/PUBCMDS/microware-archive/SRC/lharc.lzh	LHARC/lharc.c
lharc	/Users/rdoggett/Developer/os9/Scraped/os9/PUBCMDS/microware-archive/SRC/lharc141.lzh	LHARC/lharc.c
lispmtopgm	/Users/rdoggett/Developer/os9/Scraped/os9/PUBCMDS/microware-archive/NETWORK/osknet.readme	NETPBM/PGM/lispmtopgm.c
m4	/Users/rdoggett/Developer/os9/Scraped/os9/PUBCMDS/microware-archive/EFFO/forum14.lzh	SOFTWARE/C/M4/m4.c
macptopbm	/Users/rdoggett/Developer/os9/Scraped/os9/PUBCMDS/microware-archive/NETWORK/osknet.readme	NETPBM/PBM/macptopbm.c
makeinfo	/Users/rdoggett/Developer/os9/Scraped/os9/PUBCMDS/microware-archive/GNU/makeinfo_src.lzh	makeinfo.c
maketexpk	/Users/rdoggett/Developer/os9/Scraped/os9/PUBCMDS/microware-archive/DRIVERS/dvips_source.lzh	CMDS/MakeTeXPK.C
maketexpk	/Users/rdoggett/Developer/os9/Scraped/os9/PUBCMDS/microware-archive/DRIVERS/nulman.lzh	MakeTeXPK.C
maketexpk	/Users/rdoggett/Developer/os9/Scraped/os9/PUBCMDS/microware-archive/DRIVERS/nulman.lzh	OS9/MakeTeXPK.C
md5	/Users/rdoggett/Developer/os9/Scraped/os9/PUBCMDS/microware-archive/NETWORK/osknet12.tar.gz	OSKNET.DIST/OSKNET/md5.c
md5	/Users/rdoggett/Developer/os9/Scraped/os9/PUBCMDS/microware-archive/NETWORK/smbfm11t.zip	osknet.dist/OSKNET/md5.c
mgrtopbm	/Users/rdoggett/Developer/os9/Scraped/os9/PUBCMDS/microware-archive/NETWORK/osknet.readme	NETPBM/PBM/mgrtopbm.c
mille	/Users/rdoggett/Developer/os9/Scraped/os9/PUBCMDS/microware-archive/EFFO/forum22.lzh	FORUM22/SOFTWARE/NCURSES/TEST/MILLE/mille.c
mille	/Users/rdoggett/Developer/os9/Scraped/os9/PUBCMDS/microware-archive/LIB/ncurses.lzh	CURSES/TEST/MILLE/mille.c
mtvtoppm	/Users/rdoggett/Developer/os9/Scraped/os9/PUBCMDS/microware-archive/NETWORK/osknet.readme	NETPBM/PPM/mtvtoppm.c
pbmclean	/Users/rdoggett/Developer/os9/Scraped/os9/PUBCMDS/microware-archive/NETWORK/osknet.readme	NETPBM/PBM/pbmclean.c
pbmlife	/Users/rdoggett/Developer/os9/Scraped/os9/PUBCMDS/microware-archive/NETWORK/osknet.readme	NETPBM/PBM/pbmlife.c
pbmmake	/Users/rdoggett/Developer/os9/Scraped/os9/PUBCMDS/microware-archive/NETWORK/osknet.readme	NETPBM/PBM/pbmmake.c
pbmmask	/Users/rdoggett/Developer/os9/Scraped/os9/PUBCMDS/microware-archive/NETWORK/osknet.readme	NETPBM/PBM/pbmmask.c
pbmpscale	/Users/rdoggett/Developer/os9/Scraped/os9/PUBCMDS/microware-archive/NETWORK/osknet.readme	NETPBM/PBM/pbmpscale.c
pbmreduce	/Users/rdoggett/Developer/os9/Scraped/os9/PUBCMDS/microware-archive/NETWORK/osknet.readme	NETPBM/PBM/pbmreduce.c
pbmtext	/Users/rdoggett/Developer/os9/Scraped/os9/PUBCMDS/microware-archive/NETWORK/osknet.readme	NETPBM/PBM/pbmtext.c
pbmto10x	/Users/rdoggett/Developer/os9/Scraped/os9/PUBCMDS/microware-archive/NETWORK/osknet.readme	NETPBM/PBM/pbmto10x.c
pbmto4425	/Users/rdoggett/Developer/os9/Scraped/os9/PUBCMDS/microware-archive/NETWORK/osknet.readme	NETPBM/PBM/pbmto4425.c
pbmtoascii	/Users/rdoggett/Developer/os9/Scraped/os9/PUBCMDS/microware-archive/NETWORK/osknet.readme	NETPBM/PBM/pbmtoascii.c
pbmtoatk	/Users/rdoggett/Developer/os9/Scraped/os9/PUBCMDS/microware-archive/NETWORK/osknet.readme	NETPBM/PBM/pbmtoatk.c
pbmtobbnbg	/Users/rdoggett/Developer/os9/Scraped/os9/PUBCMDS/microware-archive/NETWORK/osknet.readme	NETPBM/PBM/pbmtobbnbg.c
pbmtocmuwm	/Users/rdoggett/Developer/os9/Scraped/os9/PUBCMDS/microware-archive/NETWORK/osknet.readme	NETPBM/PBM/pbmtocmuwm.c
pbmtoepsi	/Users/rdoggett/Developer/os9/Scraped/os9/PUBCMDS/microware-archive/NETWORK/osknet.readme	NETPBM/PBM/pbmtoepsi.c
pbmtoepson	/Users/rdoggett/Developer/os9/Scraped/os9/PUBCMDS/microware-archive/NETWORK/osknet.readme	NETPBM/PBM/pbmtoepson.c
pbmtog3	/Users/rdoggett/Developer/os9/Scraped/os9/PUBCMDS/microware-archive/NETWORK/osknet.readme	NETPBM/PBM/pbmtog3.c
pbmtogem	/Users/rdoggett/Developer/os9/Scraped/os9/PUBCMDS/microware-archive/NETWORK/osknet.readme	NETPBM/PBM/pbmtogem.c
pbmtogo	/Users/rdoggett/Developer/os9/Scraped/os9/PUBCMDS/microware-archive/NETWORK/osknet.readme	NETPBM/PBM/pbmtogo.c
pbmtoicon	/Users/rdoggett/Developer/os9/Scraped/os9/PUBCMDS/microware-archive/NETWORK/osknet.readme	NETPBM/PBM/pbmtoicon.c
pbmtolj	/Users/rdoggett/Developer/os9/Scraped/os9/PUBCMDS/microware-archive/NETWORK/osknet.readme	NETPBM/PBM/pbmtolj.c
pbmtoln03	/Users/rdoggett/Developer/os9/Scraped/os9/PUBCMDS/microware-archive/NETWORK/osknet.readme	NETPBM/PBM/pbmtoln03.c
pbmtolps	/Users/rdoggett/Developer/os9/Scraped/os9/PUBCMDS/microware-archive/NETWORK/osknet.readme	NETPBM/PBM/pbmtolps.c
pbmtomacp	/Users/rdoggett/Developer/os9/Scraped/os9/PUBCMDS/microware-archive/NETWORK/osknet.readme	NETPBM/PBM/pbmtomacp.c
pbmtomgr	/Users/rdoggett/Developer/os9/Scraped/os9/PUBCMDS/microware-archive/NETWORK/osknet.readme	NETPBM/PBM/pbmtomgr.c
pbmtopgm	/Users/rdoggett/Developer/os9/Scraped/os9/PUBCMDS/microware-archive/NETWORK/osknet.readme	NETPBM/PGM/pbmtopgm.c
pbmtopi3	/Users/rdoggett/Developer/os9/Scraped/os9/PUBCMDS/microware-archive/NETWORK/osknet.readme	NETPBM/PBM/pbmtopi3.c
pbmtopk	/Users/rdoggett/Developer/os9/Scraped/os9/PUBCMDS/microware-archive/NETWORK/osknet.readme	NETPBM/PBM/pbmtopk.c
pbmtoplot	/Users/rdoggett/Developer/os9/Scraped/os9/PUBCMDS/microware-archive/NETWORK/osknet.readme	NETPBM/PBM/pbmtoplot.c
pbmtoptx	/Users/rdoggett/Developer/os9/Scraped/os9/PUBCMDS/microware-archive/NETWORK/osknet.readme	NETPBM/PBM/pbmtoptx.c
pbmtox10bm	/Users/rdoggett/Developer/os9/Scraped/os9/PUBCMDS/microware-archive/NETWORK/osknet.readme	NETPBM/PBM/pbmtox10bm.c
pbmtoxbm	/Users/rdoggett/Developer/os9/Scraped/os9/PUBCMDS/microware-archive/NETWORK/osknet.readme	NETPBM/PBM/pbmtoxbm.c
pbmtoybm	/Users/rdoggett/Developer/os9/Scraped/os9/PUBCMDS/microware-archive/NETWORK/osknet.readme	NETPBM/PBM/pbmtoybm.c
pbmtozinc	/Users/rdoggett/Developer/os9/Scraped/os9/PUBCMDS/microware-archive/NETWORK/osknet.readme	NETPBM/PBM/pbmtozinc.c
pbmupc	/Users/rdoggett/Developer/os9/Scraped/os9/PUBCMDS/microware-archive/NETWORK/osknet.readme	NETPBM/PBM/pbmupc.c
pcxtoppm	/Users/rdoggett/Developer/os9/Scraped/os9/PUBCMDS/microware-archive/NETWORK/osknet.readme	NETPBM/PPM/pcxtoppm.c
pgmbentley	/Users/rdoggett/Developer/os9/Scraped/os9/PUBCMDS/microware-archive/NETWORK/osknet.readme	NETPBM/PGM/pgmbentley.c
pgmcrater	/Users/rdoggett/Developer/os9/Scraped/os9/PUBCMDS/microware-archive/NETWORK/osknet.readme	NETPBM/PGM/pgmcrater.c
pgmedge	/Users/rdoggett/Developer/os9/Scraped/os9/PUBCMDS/microware-archive/NETWORK/osknet.readme	NETPBM/PGM/pgmedge.c
pgmenhance	/Users/rdoggett/Developer/os9/Scraped/os9/PUBCMDS/microware-archive/NETWORK/osknet.readme	NETPBM/PGM/pgmenhance.c
pgmhist	/Users/rdoggett/Developer/os9/Scraped/os9/PUBCMDS/microware-archive/NETWORK/osknet.readme	NETPBM/PGM/pgmhist.c
pgmkernel	/Users/rdoggett/Developer/os9/Scraped/os9/PUBCMDS/microware-archive/NETWORK/osknet.readme	NETPBM/PGM/pgmkernel.c
pgmnoise	/Users/rdoggett/Developer/os9/Scraped/os9/PUBCMDS/microware-archive/NETWORK/osknet.readme	NETPBM/PGM/pgmnoise.c
pgmnorm	/Users/rdoggett/Developer/os9/Scraped/os9/PUBCMDS/microware-archive/NETWORK/osknet.readme	NETPBM/PGM/pgmnorm.c
pgmoil	/Users/rdoggett/Developer/os9/Scraped/os9/PUBCMDS/microware-archive/NETWORK/osknet.readme	NETPBM/PGM/pgmoil.c
pgmramp	/Users/rdoggett/Developer/os9/Scraped/os9/PUBCMDS/microware-archive/NETWORK/osknet.readme	NETPBM/PGM/pgmramp.c
pgmtexture	/Users/rdoggett/Developer/os9/Scraped/os9/PUBCMDS/microware-archive/NETWORK/osknet.readme	NETPBM/PGM/pgmtexture.c
pgmtofs	/Users/rdoggett/Developer/os9/Scraped/os9/PUBCMDS/microware-archive/NETWORK/osknet.readme	NETPBM/PGM/pgmtofs.c
pgmtolispm	/Users/rdoggett/Developer/os9/Scraped/os9/PUBCMDS/microware-archive/NETWORK/osknet.readme	NETPBM/PGM/pgmtolispm.c
pgmtopbm	/Users/rdoggett/Developer/os9/Scraped/os9/PUBCMDS/microware-archive/NETWORK/osknet.readme	NETPBM/PGM/pgmtopbm.c
pgmtoppm	/Users/rdoggett/Developer/os9/Scraped/os9/PUBCMDS/microware-archive/NETWORK/osknet.readme	NETPBM/PPM/pgmtoppm.c
pi1toppm	/Users/rdoggett/Developer/os9/Scraped/os9/PUBCMDS/microware-archive/NETWORK/osknet.readme	NETPBM/PPM/pi1toppm.c
pi3topbm	/Users/rdoggett/Developer/os9/Scraped/os9/PUBCMDS/microware-archive/NETWORK/osknet.readme	NETPBM/PBM/pi3topbm.c
picttoppm	/Users/rdoggett/Developer/os9/Scraped/os9/PUBCMDS/microware-archive/NETWORK/osknet.readme	NETPBM/PPM/picttoppm.c
pjtoppm	/Users/rdoggett/Developer/os9/Scraped/os9/PUBCMDS/microware-archive/NETWORK/osknet.readme	NETPBM/PPM/pjtoppm.c
pktopbm	/Users/rdoggett/Developer/os9/Scraped/os9/PUBCMDS/microware-archive/NETWORK/osknet.readme	NETPBM/PBM/pktopbm.c
pnmalias	/Users/rdoggett/Developer/os9/Scraped/os9/PUBCMDS/microware-archive/NETWORK/osknet.readme	NETPBM/PNM/pnmalias.c
pnmarith	/Users/rdoggett/Developer/os9/Scraped/os9/PUBCMDS/microware-archive/NETWORK/osknet.readme	NETPBM/PNM/pnmarith.c
pnmcat	/Users/rdoggett/Developer/os9/Scraped/os9/PUBCMDS/microware-archive/NETWORK/osknet.readme	NETPBM/PNM/pnmcat.c
pnmcomp	/Users/rdoggett/Developer/os9/Scraped/os9/PUBCMDS/microware-archive/NETWORK/osknet.readme	NETPBM/PNM/pnmcomp.c
pnmconvol	/Users/rdoggett/Developer/os9/Scraped/os9/PUBCMDS/microware-archive/NETWORK/osknet.readme	NETPBM/PNM/pnmconvol.c
pnmcrop	/Users/rdoggett/Developer/os9/Scraped/os9/PUBCMDS/microware-archive/NETWORK/osknet.readme	NETPBM/PNM/pnmcrop.c
pnmcut	/Users/rdoggett/Developer/os9/Scraped/os9/PUBCMDS/microware-archive/NETWORK/osknet.readme	NETPBM/PNM/pnmcut.c
pnmdepth	/Users/rdoggett/Developer/os9/Scraped/os9/PUBCMDS/microware-archive/NETWORK/osknet.readme	NETPBM/PNM/pnmdepth.c
pnmenlarge	/Users/rdoggett/Developer/os9/Scraped/os9/PUBCMDS/microware-archive/NETWORK/osknet.readme	NETPBM/PNM/pnmenlarge.c
pnmfile	/Users/rdoggett/Developer/os9/Scraped/os9/PUBCMDS/microware-archive/NETWORK/osknet.readme	NETPBM/PNM/pnmfile.c
pnmflip	/Users/rdoggett/Developer/os9/Scraped/os9/PUBCMDS/microware-archive/NETWORK/osknet.readme	NETPBM/PNM/pnmflip.c
pnmgamma	/Users/rdoggett/Developer/os9/Scraped/os9/PUBCMDS/microware-archive/NETWORK/osknet.readme	NETPBM/PNM/pnmgamma.c
pnmhisteq	/Users/rdoggett/Developer/os9/Scraped/os9/PUBCMDS/microware-archive/NETWORK/osknet.readme	NETPBM/PNM/pnmhisteq.c
pnmhistmap	/Users/rdoggett/Developer/os9/Scraped/os9/PUBCMDS/microware-archive/NETWORK/osknet.readme	NETPBM/PNM/pnmhistmap.c
pnminvert	/Users/rdoggett/Developer/os9/Scraped/os9/PUBCMDS/microware-archive/NETWORK/osknet.readme	NETPBM/PNM/pnminvert.c
pnmnlfilt	/Users/rdoggett/Developer/os9/Scraped/os9/PUBCMDS/microware-archive/NETWORK/osknet.readme	NETPBM/PNM/pnmnlfilt.c
pnmnoraw	/Users/rdoggett/Developer/os9/Scraped/os9/PUBCMDS/microware-archive/NETWORK/osknet.readme	NETPBM/PNM/pnmnoraw.c
pnmpad	/Users/rdoggett/Developer/os9/Scraped/os9/PUBCMDS/microware-archive/NETWORK/osknet.readme	NETPBM/PNM/pnmpad.c
pnmpaste	/Users/rdoggett/Developer/os9/Scraped/os9/PUBCMDS/microware-archive/NETWORK/osknet.readme	NETPBM/PNM/pnmpaste.c
pnmrotate	/Users/rdoggett/Developer/os9/Scraped/os9/PUBCMDS/microware-archive/NETWORK/osknet.readme	NETPBM/PNM/pnmrotate.c
pnmscale	/Users/rdoggett/Developer/os9/Scraped/os9/PUBCMDS/microware-archive/NETWORK/osknet.readme	NETPBM/PNM/pnmscale.c
pnmshear	/Users/rdoggett/Developer/os9/Scraped/os9/PUBCMDS/microware-archive/NETWORK/osknet.readme	NETPBM/PNM/pnmshear.c
pnmsmooth	/Users/rdoggett/Developer/os9/Scraped/os9/PUBCMDS/microware-archive/NETWORK/osknet.readme	NETPBM/PNM/pnmsmooth.c
pnmtile	/Users/rdoggett/Developer/os9/Scraped/os9/PUBCMDS/microware-archive/NETWORK/osknet.readme	NETPBM/PNM/pnmtile.c
pnmtoddif	/Users/rdoggett/Developer/os9/Scraped/os9/PUBCMDS/microware-archive/NETWORK/osknet.readme	NETPBM/PNM/pnmtoddif.c
pnmtofits	/Users/rdoggett/Developer/os9/Scraped/os9/PUBCMDS/microware-archive/NETWORK/osknet.readme	NETPBM/PNM/pnmtofits.c
pnmtops	/Users/rdoggett/Developer/os9/Scraped/os9/PUBCMDS/microware-archive/NETWORK/osknet.readme	NETPBM/PNM/pnmtops.c
pnmtorast	/Users/rdoggett/Developer/os9/Scraped/os9/PUBCMDS/microware-archive/NETWORK/osknet.readme	NETPBM/PNM/pnmtorast.c
pnmtosgi	/Users/rdoggett/Developer/os9/Scraped/os9/PUBCMDS/microware-archive/NETWORK/osknet.readme	NETPBM/PNM/pnmtosgi.c
pnmtosir	/Users/rdoggett/Developer/os9/Scraped/os9/PUBCMDS/microware-archive/NETWORK/osknet.readme	NETPBM/PNM/pnmtosir.c
pnmtoxwd	/Users/rdoggett/Developer/os9/Scraped/os9/PUBCMDS/microware-archive/NETWORK/osknet.readme	NETPBM/PNM/pnmtoxwd.c
ppm3d	/Users/rdoggett/Developer/os9/Scraped/os9/PUBCMDS/microware-archive/NETWORK/osknet.readme	NETPBM/PPM/ppm3d.c
ppmbrighten	/Users/rdoggett/Developer/os9/Scraped/os9/PUBCMDS/microware-archive/NETWORK/osknet.readme	NETPBM/PPM/ppmbrighten.c
ppmchange	/Users/rdoggett/Developer/os9/Scraped/os9/PUBCMDS/microware-archive/NETWORK/osknet.readme	NETPBM/PPM/ppmchange.c
ppmdim	/Users/rdoggett/Developer/os9/Scraped/os9/PUBCMDS/microware-archive/NETWORK/osknet.readme	NETPBM/PPM/ppmdim.c
ppmdist	/Users/rdoggett/Developer/os9/Scraped/os9/PUBCMDS/microware-archive/NETWORK/osknet.readme	NETPBM/PPM/ppmdist.c
ppmdither	/Users/rdoggett/Developer/os9/Scraped/os9/PUBCMDS/microware-archive/NETWORK/osknet.readme	NETPBM/PPM/ppmdither.c
ppmflash	/Users/rdoggett/Developer/os9/Scraped/os9/PUBCMDS/microware-archive/NETWORK/osknet.readme	NETPBM/PPM/ppmflash.c
ppmforge	/Users/rdoggett/Developer/os9/Scraped/os9/PUBCMDS/microware-archive/NETWORK/osknet.readme	NETPBM/PPM/ppmforge.c
ppmhist	/Users/rdoggett/Developer/os9/Scraped/os9/PUBCMDS/microware-archive/NETWORK/osknet.readme	NETPBM/PPM/ppmhist.c
ppmmake	/Users/rdoggett/Developer/os9/Scraped/os9/PUBCMDS/microware-archive/NETWORK/osknet.readme	NETPBM/PPM/ppmmake.c
ppmmix	/Users/rdoggett/Developer/os9/Scraped/os9/PUBCMDS/microware-archive/NETWORK/osknet.readme	NETPBM/PPM/ppmmix.c
ppmnorm	/Users/rdoggett/Developer/os9/Scraped/os9/PUBCMDS/microware-archive/NETWORK/osknet.readme	NETPBM/PPM/ppmnorm.c
ppmntsc	/Users/rdoggett/Developer/os9/Scraped/os9/PUBCMDS/microware-archive/NETWORK/osknet.readme	NETPBM/PPM/ppmntsc.c
ppmpat	/Users/rdoggett/Developer/os9/Scraped/os9/PUBCMDS/microware-archive/NETWORK/osknet.readme	NETPBM/PPM/ppmpat.c
ppmquant	/Users/rdoggett/Developer/os9/Scraped/os9/PUBCMDS/microware-archive/NETWORK/osknet.readme	NETPBM/PPM/ppmquant.c
ppmqvga	/Users/rdoggett/Developer/os9/Scraped/os9/PUBCMDS/microware-archive/NETWORK/osknet.readme	NETPBM/PPM/ppmqvga.c
ppmrelief	/Users/rdoggett/Developer/os9/Scraped/os9/PUBCMDS/microware-archive/NETWORK/osknet.readme	NETPBM/PPM/ppmrelief.c
ppmshift	/Users/rdoggett/Developer/os9/Scraped/os9/PUBCMDS/microware-archive/NETWORK/osknet.readme	NETPBM/PPM/ppmshift.c
ppmspread	/Users/rdoggett/Developer/os9/Scraped/os9/PUBCMDS/microware-archive/NETWORK/osknet.readme	NETPBM/PPM/ppmspread.c
ppmtoacad	/Users/rdoggett/Developer/os9/Scraped/os9/PUBCMDS/microware-archive/NETWORK/osknet.readme	NETPBM/PPM/ppmtoacad.c
ppmtobmp	/Users/rdoggett/Developer/os9/Scraped/os9/PUBCMDS/microware-archive/NETWORK/osknet.readme	NETPBM/PPM/ppmtobmp.c
ppmtogif	/Users/rdoggett/Developer/os9/Scraped/os9/PUBCMDS/microware-archive/NETWORK/osknet.readme	NETPBM/PPM/ppmtogif.c
ppmtoicr	/Users/rdoggett/Developer/os9/Scraped/os9/PUBCMDS/microware-archive/NETWORK/osknet.readme	NETPBM/PPM/ppmtoicr.c
ppmtoilbm	/Users/rdoggett/Developer/os9/Scraped/os9/PUBCMDS/microware-archive/NETWORK/osknet.readme	NETPBM/PPM/ppmtoilbm.c
ppmtomap	/Users/rdoggett/Developer/os9/Scraped/os9/PUBCMDS/microware-archive/NETWORK/osknet.readme	NETPBM/PPM/ppmtomap.c
ppmtomitsu	/Users/rdoggett/Developer/os9/Scraped/os9/PUBCMDS/microware-archive/NETWORK/osknet.readme	NETPBM/PPM/ppmtomitsu.c
ppmtopcx	/Users/rdoggett/Developer/os9/Scraped/os9/PUBCMDS/microware-archive/NETWORK/osknet.readme	NETPBM/PPM/ppmtopcx.c
ppmtopgm	/Users/rdoggett/Developer/os9/Scraped/os9/PUBCMDS/microware-archive/NETWORK/osknet.readme	NETPBM/PPM/ppmtopgm.c
ppmtopi1	/Users/rdoggett/Developer/os9/Scraped/os9/PUBCMDS/microware-archive/NETWORK/osknet.readme	NETPBM/PPM/ppmtopi1.c
ppmtopict	/Users/rdoggett/Developer/os9/Scraped/os9/PUBCMDS/microware-archive/NETWORK/osknet.readme	NETPBM/PPM/ppmtopict.c
ppmtopj	/Users/rdoggett/Developer/os9/Scraped/os9/PUBCMDS/microware-archive/NETWORK/osknet.readme	NETPBM/PPM/ppmtopj.c
ppmtopjxl	/Users/rdoggett/Developer/os9/Scraped/os9/PUBCMDS/microware-archive/NETWORK/osknet.readme	NETPBM/PPM/ppmtopjxl.c
ppmtopuzz	/Users/rdoggett/Developer/os9/Scraped/os9/PUBCMDS/microware-archive/NETWORK/osknet.readme	NETPBM/PPM/ppmtopuzz.c
ppmtorgb3	/Users/rdoggett/Developer/os9/Scraped/os9/PUBCMDS/microware-archive/NETWORK/osknet.readme	NETPBM/PPM/ppmtorgb3.c
ppmtosixel	/Users/rdoggett/Developer/os9/Scraped/os9/PUBCMDS/microware-archive/NETWORK/osknet.readme	NETPBM/PPM/ppmtosixel.c
ppmtotga	/Users/rdoggett/Developer/os9/Scraped/os9/PUBCMDS/microware-archive/NETWORK/osknet.readme	NETPBM/PPM/ppmtotga.c
ppmtouil	/Users/rdoggett/Developer/os9/Scraped/os9/PUBCMDS/microware-archive/NETWORK/osknet.readme	NETPBM/PPM/ppmtouil.c
ppmtoxpm	/Users/rdoggett/Developer/os9/Scraped/os9/PUBCMDS/microware-archive/NETWORK/osknet.readme	NETPBM/PPM/ppmtoxpm.c
ppmtoyuv	/Users/rdoggett/Developer/os9/Scraped/os9/PUBCMDS/microware-archive/NETWORK/osknet.readme	NETPBM/PPM/ppmtoyuv.c
ppmtoyuvsplit	/Users/rdoggett/Developer/os9/Scraped/os9/PUBCMDS/microware-archive/NETWORK/osknet.readme	NETPBM/PPM/ppmtoyuvsplit.c
psidtopgm	/Users/rdoggett/Developer/os9/Scraped/os9/PUBCMDS/microware-archive/NETWORK/osknet.readme	NETPBM/PGM/psidtopgm.c
qrttoppm	/Users/rdoggett/Developer/os9/Scraped/os9/PUBCMDS/microware-archive/NETWORK/osknet.readme	NETPBM/PPM/qrttoppm.c
rasttopnm	/Users/rdoggett/Developer/os9/Scraped/os9/PUBCMDS/microware-archive/NETWORK/osknet.readme	NETPBM/PNM/rasttopnm.c
rawtopgm	/Users/rdoggett/Developer/os9/Scraped/os9/PUBCMDS/microware-archive/NETWORK/osknet.readme	NETPBM/PGM/rawtopgm.c
rawtoppm	/Users/rdoggett/Developer/os9/Scraped/os9/PUBCMDS/microware-archive/NETWORK/osknet.readme	NETPBM/PPM/rawtoppm.c
rgb3toppm	/Users/rdoggett/Developer/os9/Scraped/os9/PUBCMDS/microware-archive/NETWORK/osknet.readme	NETPBM/PPM/rgb3toppm.c
rm	/Users/rdoggett/Developer/os9/Scraped/os9/PUBCMDS/microware-archive/TELECOM/stg_v4.lzh	rm.c
scsiutil	/Users/rdoggett/Developer/os9/Scraped/os9/PUBCMDS/microware-archive/MISC/scsiutil.lzh	SCSIUTIL/SCSIutil.c
setime2	/Users/rdoggett/Developer/os9/Scraped/os9/PUBCMDS/microware-archive/DRIVERS/file3988	y2kit/setime2.c
setyear	/Users/rdoggett/Developer/os9/Scraped/os9/PUBCMDS/microware-archive/DRIVERS/file3988	y2kit/setyear.c
sgitopnm	/Users/rdoggett/Developer/os9/Scraped/os9/PUBCMDS/microware-archive/NETWORK/osknet.readme	NETPBM/PNM/sgitopnm.c
sirtopnm	/Users/rdoggett/Developer/os9/Scraped/os9/PUBCMDS/microware-archive/NETWORK/osknet.readme	NETPBM/PNM/sirtopnm.c
sldtoppm	/Users/rdoggett/Developer/os9/Scraped/os9/PUBCMDS/microware-archive/NETWORK/osknet.readme	NETPBM/PPM/sldtoppm.c
smail	/Users/rdoggett/Developer/os9/Scraped/os9/PUBCMDS/microware-archive/TELECOM/stg_v4.lzh	smail.c
spctoppm	/Users/rdoggett/Developer/os9/Scraped/os9/PUBCMDS/microware-archive/NETWORK/osknet.readme	NETPBM/PPM/spctoppm.c
split	/Users/rdoggett/Developer/os9/Scraped/os9/PUBCMDS/microware-archive/EFFO/forum23.lzh	f23b/SOFTWARE/SPLIT/split.c
spottopgm	/Users/rdoggett/Developer/os9/Scraped/os9/PUBCMDS/microware-archive/NETWORK/osknet.readme	NETPBM/PGM/spottopgm.c
sputoppm	/Users/rdoggett/Developer/os9/Scraped/os9/PUBCMDS/microware-archive/NETWORK/osknet.readme	NETPBM/PPM/sputoppm.c
sterm	/Users/rdoggett/Developer/os9/Scraped/os9/PUBCMDS/microware-archive/TELECOM/STerm_src.lzh	sterm.c
sterm	/Users/rdoggett/Developer/os9/Scraped/os9/PUBCMDS/microware-archive/TELECOM/tterm_src.lzh	sterm.c
su	/Users/rdoggett/Developer/os9/Scraped/os9/PUBCMDS/microware-archive/TELECOM/stg_v4.lzh	su.c
submit	/Users/rdoggett/Developer/os9/Scraped/os9/PUBCMDS/microware-archive/EFFO/forum21.lzh	FORUM21/SOFTWARE/SUBMIT/submit.c
submit	/Users/rdoggett/Developer/os9/Scraped/os9/PUBCMDS/microware-archive/EFFO/forum4.lzh	SPRACHEN/C/SUBMIT/submit.c
sum	/Users/rdoggett/Developer/os9/Scraped/os9/PUBCMDS/microware-archive/EFFO/forum22.lzh	FORUM22/SOFTWARE/NCURSES/TEST/CW/sum.c
sum	/Users/rdoggett/Developer/os9/Scraped/os9/PUBCMDS/microware-archive/LIB/ncurses.lzh	CURSES/TEST/CW/sum.c
tail	/Users/rdoggett/Developer/os9/Scraped/os9/PUBCMDS/microware-archive/TELECOM/OSKTag_2_01.lzh	/d2/MAILBOX/CC/tail.c
tgatoppm	/Users/rdoggett/Developer/os9/Scraped/os9/PUBCMDS/microware-archive/NETWORK/osknet.readme	NETPBM/PPM/tgatoppm.c
upperdir	/Users/rdoggett/Developer/os9/Scraped/os9/PUBCMDS/microware-archive/CMDS/upperdir.lzh	upperdir.c
what	/Users/rdoggett/Developer/os9/Scraped/os9/PUBCMDS/microware-archive/EFFO/forum22.lzh	FORUM22/HARDWARE/GEPARD/what.a
what	/Users/rdoggett/Developer/os9/Scraped/os9/PUBCMDS/microware-archive/EFFO/forum5.lzh	RECHNER/GEPARD/what.a
wndex	/Users/rdoggett/Developer/os9/Scraped/os9/PUBCMDS/microware-archive/TELECOM/wn3.zip	WN_1.14.3/OSK/WNDEX/wndex.c
xbmtopbm	/Users/rdoggett/Developer/os9/Scraped/os9/PUBCMDS/microware-archive/NETWORK/osknet.readme	NETPBM/PBM/xbmtopbm.c
ximtoppm	/Users/rdoggett/Developer/os9/Scraped/os9/PUBCMDS/microware-archive/NETWORK/osknet.readme	NETPBM/PPM/ximtoppm.c
xpmtoppm	/Users/rdoggett/Developer/os9/Scraped/os9/PUBCMDS/microware-archive/NETWORK/osknet.readme	NETPBM/PPM/xpmtoppm.c
xvminitoppm	/Users/rdoggett/Developer/os9/Scraped/os9/PUBCMDS/microware-archive/NETWORK/osknet.readme	NETPBM/PPM/xvminitoppm.c
xwdtopnm	/Users/rdoggett/Developer/os9/Scraped/os9/PUBCMDS/microware-archive/NETWORK/osknet.readme	NETPBM/PNM/xwdtopnm.c
ybmtopbm	/Users/rdoggett/Developer/os9/Scraped/os9/PUBCMDS/microware-archive/NETWORK/osknet.readme	NETPBM/PBM/ybmtopbm.c
yuvsplittoppm	/Users/rdoggett/Developer/os9/Scraped/os9/PUBCMDS/microware-archive/NETWORK/osknet.readme	NETPBM/PPM/yuvsplittoppm.c
yuvtoppm	/Users/rdoggett/Developer/os9/Scraped/os9/PUBCMDS/microware-archive/NETWORK/osknet.readme	NETPBM/PPM/yuvtoppm.c
zeisstopnm	/Users/rdoggett/Developer/os9/Scraped/os9/PUBCMDS/microware-archive/NETWORK/osknet.readme	NETPBM/PNM/zeisstopnm.c
