alps	RUNS
aprocs	RUNS
ar2	RUNS
as09	RUNS
autolf	NOOUTPUT
back	RUNS
bm	RUNS
booz	RUNS
cal	RUNS
cb	NOOUTPUT
ccheck	NOOUTPUT
charcnt	RUNS
chbase	RUNS
checkenv	RUNS
checkfile	RUNS
chgrp	RUNS
chown	RUNS
ci	RUNS
ckermit	RUNS
co	RUNS
cp	RUNS
cribbage	RUNS
cxref	RUNS
dearc	RUNS
delbak	RUNS
detab	NOOUTPUT
dir	RUNS
divide	RUNS
dm	RUNS
dmake	RUNS
dpark	RUNS
ed	RUNS
edir	RUNS
emacs	RUNS
emacs.mm1	RUNS
env	RUNS
ephem	RUNS
ephem881	RUNS
eset	RUNS
eunlink	RUNS
exist	RUNS
expand	NOOUTPUT
expr	RUNS
fc	NOOUTPUT
fgrep	RUNS
field	RUNS
fiz	RUNS
forth	RUNS
funzip	RUNS
gawk	RUNS
gdd	NOOUTPUT
getenv	RUNS
gnuchess	RUNS
gnuchessn	RUNS
gnuchessr	RUNS
gnuplot	RUNS
head	NOOUTPUT
hotel	RUNS
initvdu	RUNS
ksh	NOOUTPUT
l	NOOUTPUT
larn	RUNS
launch	RUNS
lessecho	RUNS
loglist	RUNS
logname	RUNS
lua	RUNS
luac	RUNS
mexist	RUNS
mg	RUNS
mille	RUNS
mines	RUNS
mkdir	RUNS
move	RUNS
mv	RUNS
owner	RUNS
paranoia	RUNS
perr	RUNS
piano	RUNS
printenv	RUNS
psc	NOOUTPUT
qsort9	NOOUTPUT
rcs	RUNS
rcsdiff	RUNS
rcsident	NOOUTPUT
rcsmerge	RUNS
rechne	RUNS
rlog	RUNS
rm	RUNS
robots	RUNS
runc	RUNS
scqref	RUNS
setimex	RUNS
setterm	RUNS
shdev	RUNS
signal	RUNS
sox	RUNS
split	NOOUTPUT
splman	RUNS
splprt	RUNS
splstat	RUNS
su	RUNS
subber	RUNS
sum	NOOUTPUT
sysmon	RUNS
tac	NOOUTPUT
tail	NOOUTPUT
tcmp	RUNS
textb	RUNS
todos	RUNS
toos9	RUNS
trap	STILL-TRAPS
unexpand	NOOUTPUT
uniq	NOOUTPUT
unp	NOOUTPUT
unzip	RUNS
uudecode	NOOUTPUT
uuencode	RUNS
vi_cio	RUNS
whoami	RUNS
xkermit	RUNS
xlate	RUNS
zipinfo	RUNS
zoo	RUNS
