rcsmerge	CMDS	OK	rcsmerge error: No input file command format:     rcsmerge -p -rrev1 -rrev2 file 
indent	CMDS	SILENT	
top	CMDS	OK	unknown terminal type  
calen	CMDS	OK	Enter calendar specs (month year length):  
minute	CMDS	SILENT	
demo	CMDS	SILENT	
EditLibr	CMDS	OK	Missing parameter: editfile Syntax: EditLibr [opts] Librarian Card Catalog file editor 
Librarian	CMDS	OK	Missing parameter: infile Syntax: Librarian [opts] Librarian Card Catalog query program 
split	CMDS	SILENT	
cat	CMDS	SILENT	
uwho	CMDS	OK	uwho: can't open /etc/utmp 
tabs	CMDS	SILENT	
getenv	CMDS	OK	GETENV   Version UTIL 2.40 by DESIGNA VLT 24.11.97 USAGE: getenv [-n|-p|-l|-x] <Environment> [<Wert>
xkermit	CMDS	OK	OS-9 Kermit Version 1 Release 5 Usage: kermit c[le line esc.char]   (connect mode) or:    kermit s[d
unpacklib.os9	CMDS	OK	Usage: unpacklib <options> file1.l file2.l ... Ricreates OS-9 modules from OS-9 libraries.  Where op
ckermit	CMDS	OK	C-Kermit 5A(190) BETA.14, 24 Jul 94, for OS-9/68000 Type ? or HELP for help C-Kermit> 
snd_sig	CMDS	SILENT	
keep	CMDS	NOSTART	# Emulation could not start due to OS-9 error #000:214 (E_FNA): '/dd/CMDS/keep' #   File Not Accessi
tree	CMDS	OK	/dd ---------+- ADL ---------+- AARD               |               |- DEMOS               |         
move	CMDS	OK	move: must specify files to be moved 
msmd	CMDS	OK	Mtools version 3.6, dated 14 Apr 97 Usage: msmd [-itnmvV] file targetfile        msmd [-itnmvV] file
ren	CMDS	OK	Syntax: ren [<opts>] <pathlist> <newname> Function: rename pipe file Options: (none) 
rndname	CMDS	OK	Usage: name number-of-names 
lgrep	CMDS	OK	Syntax: lgrep <arg1> ... <argn> Function: same as 'grep -l', but prints filenames without comments O
argproc_demo	CMDS	OK	**** Stack Overflow **** 
pageline	CMDS	SILENT	
gmake	CMDS	OK	gmake: *** No targets specified and no makefile found.  Stop. 
gdd	CMDS	SILENT	
PrintLabels	CMDS	OK	Missing parameter: infile Syntax: PrintLabels [opts] Libraian Card Catalog card printer 
proff	CMDS	SILENT	
autolf	CMDS	SILENT	
msread	CMDS	OK	Mtools version 3.6, dated 14 Apr 97 Usage: msread [-tnmvV] sourcefile targetfile        msread [-tnm
repeat	CMDS	OK	type "repeat -?" 
easter	CMDS	OK	easter 1988 is 4/3 easter 1989 is 3/26 easter 1990 is 4/15 
pbyte	CMDS	OK	pbyte: incomplete command line Syntax: pbyte <path> <hex_offset> <hex_byte> [<hex_byte>] Function: p
ascii	CMDS	OK	      char   | dec | hex | oct    ||     char   | dec | hex | oct     ^@ (NUL) |   0 |   0 |   0    
chardef	CMDS	SILENT	
digclk	CMDS	OK	Unknown terminal type ''. 
sc	CMDS	OK	TERM environment variable not set. 
md5	CMDS	SILENT	
crypto	CMDS	OK	usage: crypto [-cegnru] [file(s)] help:  crypto -h,  crypto -i 
pep	CMDS	SILENT	
getsys	CMDS	OK	System global variables (OS-9/680x0 V2.3): ------------------------------------------ set to modsync
compress	CMDS	OK	 
ctags	CMDS	OK	usage: ctags [-BFadtuwvx] [-f tagsfile] file ...         -B : use backward searching patterns (? ?) 
orbit	CMDS	OK	N3EMO Orbit Simulator  v3.7 Available satellites: "kepler.dat" not found 
lpsched	CMDS	OK	Syntax: lpsched [-r] {<devname>} Function:  starts Printerspooler Options: 
setfont	CMDS	OK	usage: setfont <path> 
devprc	CMDS	CRASH	# # Exception: pid=2 vector=$02 err=#000:102 — process will be killed (x to continue) Process   Pid:
msren	CMDS	OK	Mtools version 3.6, dated 14 Apr 97 Usage: msren [-itnmvV] file targetfile        msren [-itnmvV] fi
vi	CMDS	OK	Visual needs addressible cursor or upline capability : 
