bio	CMDS	NO-USAGE	
blackjack	CMDS/BROKEN	NO-USAGE	
dedit	CMDS	NO-USAGE	
mscheck	CMDS	NO-USAGE	
vmod_trap	CMDS/COMMS	NO-USAGE	
X11R6shl	CMDS	NO-USAGE	
math	CMDS	NO-USAGE	
keydrv.mm1	CMDS/MM1	NO-USAGE	
windio.52	CMDS/MM1	NO-USAGE	
rb37c65	CMDS/MM1	NO-USAGE	
snddrv	CMDS/MM1	NO-USAGE	
math881	CMDS	NO-USAGE	
wysetime	CMDS	NO-USAGE	
csl020	CMDS	NO-USAGE	
csl	CMDS	NO-USAGE	
graphsave	CMDS/GAMES	NO-USAGE	
apfel	CMDS/GAMES	NO-USAGE	
graph	CMDS/GAMES	NO-USAGE	
sine	CMDS/GAMES	NO-USAGE	
graphdemo	CMDS/GAMES	NO-USAGE	
showpic	CMDS/GAMES	NO-USAGE	
cio	CMDS	NO-USAGE	
demo	CMDS	USAGE-OK		option index (optind) after egetopt():     2 		egetopt() return value:            ! (33) 		char tha
snd_sig	CMDS	USAGE-OK	Function: Wakeup a process with the wake signal Options:           -?              display synopsis 
ssl	CMDS	USAGE-OK	File descriptor sector -?: 0  Seg#     start    lenght ------------------------- 
ape	CMDS	USAGE-OK	syntax: ape {opts} Function: write gibberish in the style of <stdin> to <stdout> Options: 
ptxminst	CMDS	NO-USAGE	
creadoc	CMDS	NO-USAGE	
wysecrack	CMDS/BROKEN	NO-USAGE	
lnk.org	CMDS	NO-USAGE	
rtf	CMDS	NO-USAGE	
lfmaker	CMDS	NO-USAGE	
tex	CMDS/TEXCMDS	NO-USAGE	
slitex	CMDS/TEXCMDS	NO-USAGE	
texidx	CMDS/TEXCMDS	USAGE-OK	texi: invalid command switch ? 
latex	CMDS/TEXCMDS	NO-USAGE	
delbak	CMDS	USAGE-OK	Usage: delbak [-options] [directory] [-options]      -n      = no recursion      -l      = list only
pri	CMDS	NO-USAGE	
sysid	CMDS	NO-USAGE	
infoxpress	CMDS/NETWORK	NO-USAGE	
ppmforge	CMDS/NETPBM	USAGE-OK	usage:  ppmforge        [-width|-xsize <x>] [-height|-ysize <y>] [-mesh <n>]       [-clouds] [-dimen
pgmcrater	CMDS/NETPBM	USAGE-OK	usage:  pgmcrater [-number <n>] [-width|-xsize <w>]                   [-height|-ysize <h>] [-gamma <
mcvert	CMDS	USAGE-OK	Mcvert V1.05 By Doug Moore OSK Port by Dean Leiber  Usage: Mcvert [-rduxh] [DUpqsv] filename(s) 
t	CMDS	NO-USAGE	
splprt	CMDS	NO-USAGE	
makecrc	CMDS	NO-USAGE	
elvprsv	CMDS	NO-USAGE	
cxref	CMDS	USAGE-OK	Function:	Create and print a 'C' cross-reference Options:	-x			make cross-reference only 			-w=(n)		
byteflip	CMDS/NEWS	NO-USAGE	
macbin	CMDS	USAGE-OK	MacBinary file converter version 1.1 Usage  :   Converts files to MacBinary format Syntax :   macbin
make	CMDS	USAGE-OK	Syntax :	make {[-f <makefile>] [-dDinrst] [<target>] [<macro>=<value>]} Function :	maintain, update 
splman	CMDS	NO-USAGE	
splstat	CMDS	USAGE-OK	Splstat: device out of range 
vecho	CMDS	USAGE-OK	-? 
for	CMDS	NO-USAGE	
disktest	CMDS	USAGE-OK	Syntax   : disktest [<opt>] Function : measure diskperformance Options  : -?  show this text 
perr	CMDS	USAGE-OK	Syntax: perr [<error_codes>] Function: print error code messages   <error_code> is <ddd> or <ddd>:<d
find	CMDS	USAGE-OK	Syntax: find {<opts>} [<path>] Function: finds files in Filesystem Options : 
add_errmsg	CMDS	USAGE-OK	usage: add_errmsg "msg1" ... "msgN"     appends messages at the end of /dd/SYS/vi_errmsg     and rep
lessecho	CMDS	USAGE-OK	usage: lessecho [-ox] [-cx] [-pn] [-dn] [-a] file ... 
lnk	CMDS	NO-USAGE	
elvrec	CMDS	USAGE-OK	/dd/-?: no recovered file has that exact name 
bootlogger	CMDS	NO-USAGE	
suse	CMDS	NO-USAGE	
valspeak	CMDS/GAMES	NO-USAGE	
puzzle	CMDS/GAMES	NO-USAGE	
cyberwar	CMDS/GAMES	NO-USAGE	
bincheckr	CMDS/GAMES	NO-USAGE	
scriptmaster	CMDS/GAMES	NO-USAGE	
postprint	CMDS/GAMES	NO-USAGE	
wisecrack	CMDS/GAMES	NO-USAGE	
vtxtcn	CMDS/GAMES	NO-USAGE	
dfiles	CMDS	USAGE-OK	dfiles 0.7 Usage: dfiles <path> [<path> ...] 
authwn	CMDS/WN	NO-USAGE	
inetdc	CMDS/WN	NO-USAGE	
banner	CMDS	USAGE-OK	         @@@@@         @     @               @ 
rnews	CMDS/UUCP	USAGE-OK	rnews [-x debug_level] [-n inital_newsgroup] [-z] newsfile 
uupoll	CMDS/UUCP	USAGE-OK	Usage: uupoll [-g<grade>] system 
cron	CMDS	NO-USAGE	
epson	CMDS	USAGE-OK	usage: epson [<opts>]  	c<int>	number of characters per line 		10,12,17 CPI 
biory	CMDS	NO-USAGE	
