program	directory	verdict
Ascii2Libr	CMDS	OK bare
EditLibr	CMDS	OK bare
Libr2Ascii	CMDS	OK bare
Librarian	CMDS	OK bare
PrintCards	CMDS	OK bare
PrintLabels	CMDS	OK bare
UnMacpack	CMDS	OK as a filter
VI	CMDS/REBUILT	OK bare
X11R6shl	CMDS	NEEDS WORK
add_errmsg	CMDS	OK given arguments
adduser	CMDS/UUCP	OK bare
adlcomp	CMDS/ADL	OK bare
adldebug	CMDS/ADL	OK bare
adlrun	CMDS/ADL	OK bare
adltouch	CMDS/ADL	OK bare
advcom	CMDS/GAMES	OK bare
advent	CMDS/GAMES	OK bare
advint	CMDS/GAMES	OK bare
afm2tfm	CMDS/TEXCMDS	OK bare
alps	CMDS	OK bare
animal	CMDS/GAMES	OK bare
answer	CMDS/ELM	OK bare
ape	CMDS	OK given arguments
apfel	CMDS/GAMES	NEEDS WORK
aprocs	CMDS	OK in a session
ar	CMDS	OK bare
ar2	CMDS	OK bare
arc	CMDS	OK bare
arc	CMDS/REBUILT	OK bare
areacode	CMDS	OK bare
arepdaemon	CMDS/ELM	NEEDS WORK
argproc_demo	CMDS	OK bare
as0	CMDS	OK bare
as09	CMDS	OK bare
as1	CMDS	OK bare
as11	CMDS	OK bare
as4	CMDS	OK bare
as5	CMDS	OK bare
ascii	CMDS	OK bare
asciitopgm	CMDS/NETPBM	OK bare
ask	CMDS	OK bare
assembler	CMDS	OK in a session
aterm	CMDS	OK in a session
atktopbm	CMDS/NETPBM	OK as a filter
atob	CMDS	OK as a filter
atp	CMDS/NETWORK	OK bare
authwn	CMDS/WN	NEEDS WORK
autolf	CMDS	OK as a filter
autoreply	CMDS/ELM	OK bare
back	CMDS/GAMES	OK bare
backgammon	CMDS/GAMES	OK bare
banner	CMDS	OK given arguments
basename	CMDS	OK bare
basename.nocio	CMDS/REBUILT	OK bare
bash	CMDS	OK bare
basicwin	CMDS	OK bare
bcheck	CMDS	OK bare
bdecode	CMDS/NEWS	OK as a filter
beav	CMDS	OK bare
bibtex	CMDS/TEXCMDS	OK bare
bigsetter	CMDS	OK bare
bincheckr	CMDS/GAMES	NEEDS WORK
binhex	CMDS	OK as a filter
bio	CMDS	NEEDS WORK
bioradtopgm	CMDS/NETPBM	OK as a filter
biory	CMDS	NEEDS WORK
bison	CMDS	OK bare
bite	CMDS/GAMES	OK bare
blackjack	CMDS/BROKEN	NEEDS WORK
blackjak	CMDS/GAMES	OK bare
blastem	CMDS/COMMS	OK bare
bm	CMDS	OK bare
bmgtest	CMDS	OK bare
bmgtest2	CMDS	OK bare
bmptoppm	CMDS/NETPBM	OK as a filter
bog	CMDS/GAMES	OK bare
bootgen	CMDS	OK bare
bootlogger	CMDS	NEEDS WORK
booz	CMDS	OK bare
break	CMDS	OK as a filter
brushtopbm	CMDS/NETPBM	OK as a filter
bsplt68	CMDS	OK bare
btoa	CMDS	OK bare
btop	CMDS	OK as a filter
btree	CMDS	OK bare
buildhash	CMDS	OK bare
bush	CMDS	OK bare
byteflip	CMDS/NEWS	NEEDS WORK
c7decode	CMDS/NEWS	OK as a filter
cal	CMDS	OK bare
calen	CMDS	OK bare
calendar	CMDS	OK bare
calender	CMDS	OK bare
cam	CMDS/GAMES	OK bare
casefix	CMDS	OK as a filter
cat	CMDS	OK as a filter
cat.nocio	CMDS/REBUILT	OK as a filter
cb	CMDS	OK as a filter
cc1plus	CMDS/GCC2	OK as a filter
cc2	CMDS/GCC2	OK as a filter
cc2plus	CMDS/GCC2	OK as a filter
cccp2	CMDS/GCC2	OK as a filter
ccheck	CMDS	OK as a filter
cdiff	CMDS	OK bare
charcnt	CMDS	OK bare
chardef	CMDS	OK as a filter
chbase	CMDS	OK bare
checkalias	CMDS/ELM	OK bare
checkenv	CMDS	OK bare
checkfile	CMDS	OK bare
checkgame	CMDS/GAMES	OK bare
checksum	CMDS	OK bare
chess	CMDS/GAMES	OK bare
chgrp	CMDS	OK bare
chksum	CMDS	OK bare
chown	CMDS	OK bare
ci	CMDS	OK bare
cio	CMDS	NEEDS WORK
cjpeg	CMDS	OK as a filter
cjpeg.070	CMDS	OK as a filter
ckermit	CMDS	OK bare
clear	CMDS	OK bare
clock	CMDS	OK bare
cls	CMDS	OK bare
cmuwmtopbm	CMDS/NETPBM	OK as a filter
co	CMDS	OK bare
collect	CMDS/GCC2	OK bare
colortest	CMDS/GAMES	OK bare
combine	CMDS	OK bare
compiler	CMDS	OK in a session
compr	CMDS	OK bare
compress	CMDS	OK bare
compress	CMDS/REBUILT	OK bare
compress_4.0	CMDS/REBUILT	OK bare
config	CMDS	OK in a session
connect	CMDS	OK bare
convert	CMDS/GAMES	OK bare
cookhash	CMDS	OK bare
cookie	CMDS	OK bare
cp	CMDS	OK bare
cpr	CMDS	OK as a filter
cpu	CMDS	OK in a session
creadoc	CMDS	NEEDS WORK
crib	CMDS/GAMES	OK in a session
cribbage	CMDS/GAMES	OK in a session
cron	CMDS	NEEDS WORK
crypto	CMDS	OK bare
csl	CMDS	NEEDS WORK
csl020	CMDS	NEEDS WORK
ctags	CMDS	OK bare
ctags.elvis	CMDS/REBUILT	OK bare
cursive	CMDS	OK as a filter
cut	CMDS	OK bare
cuts	CMDS	OK bare
cvtbase	CMDS	OK bare
cxref	CMDS	OK given arguments
cyberwar	CMDS/GAMES	NEEDS WORK
dam	CMDS	OK bare
date	CMDS	OK bare
dback	CMDS	OK bare
dbz	CMDS/NEWS	OK bare
dclock	CMDS/GAMES	OK bare
dearc	CMDS	OK bare
delbak	CMDS	OK given arguments
demerge	CMDS	OK bare
demo	CMDS	OK given arguments
des	CMDS	OK bare
detab	CMDS	OK as a filter
deton	CMDS	OK bare
devprc	CMDS	NEEDS WORK
dfiles	CMDS	OK given arguments
dhry	CMDS/DHRY	OK bare
dhryGcc	CMDS/DHRY	OK bare
dhryGcc2	CMDS/DHRY	OK bare
dhryGcc2in	CMDS/DHRY	OK bare
dhryGcc2mx	CMDS/DHRY	OK bare
dhryGcc2o2	CMDS/DHRY	OK bare
dhryGccin	CMDS/DHRY	OK bare
dhryGccmx	CMDS/DHRY	OK bare
dhryGcco2	CMDS/DHRY	OK bare
dhryO2	CMDS/DHRY	OK bare
dhryshamu	CMDS/DHRY	OK bare
dhryshamu2	CMDS/DHRY	OK bare
diff	CMDS	OK bare
diff_1.1	CMDS/REBUILT	OK bare
digclk	CMDS	OK bare
dinfo	CMDS	OK bare
dir	CMDS	NEEDS WORK
dirname	CMDS	OK bare
dirname.nocio	CMDS/REBUILT	OK bare
disable	CMDS/UUCP	OK bare
disktest	CMDS	OK given arguments
divide	CMDS	OK bare
djpeg	CMDS	OK as a filter
djpeg.070	CMDS	OK as a filter
dld	CMDS/COMMS	OK bare
dload	CMDS	OK bare
dm	CMDS	OK bare
dmake	CMDS	OK bare
dotilde	CMDS/UUCP	OK bare
dpark	CMDS	OK bare
draw	CMDS	OK bare
drop	CMDS	OK in a session
du	CMDS	OK bare
dump	CMDS	OK in a session
dvialw	CMDS/TEXCMDS	OK bare
dvidjp	CMDS/TEXCMDS	OK bare
dvieps	CMDS/TEXCMDS	OK bare
dviimp	CMDS/TEXCMDS	OK bare
dvijep	CMDS/TEXCMDS	OK bare
dvijet	CMDS/TEXCMDS	OK bare
dvilj2	CMDS/TEXCMDS	OK bare
dvimac	CMDS/TEXCMDS	OK bare
dvioki	CMDS/TEXCMDS	OK bare
dvips	CMDS/TEXCMDS	OK bare
dvitos	CMDS/TEXCMDS	OK bare
dvitype	CMDS/TEXCMDS	OK bare
e	CMDS	OK bare
easter	CMDS	OK bare
ed	CMDS	OK bare
ediff	CMDS	OK as a filter
edir	CMDS	OK bare
editor	CMDS	OK in a session
elm	CMDS/ELM	OK bare
elvis	CMDS	OK bare
elvprsv	CMDS	NEEDS WORK
elvrec	CMDS	OK given arguments
em	CMDS	OK bare
emacs	CMDS	OK bare
emacs.mm1	CMDS	OK bare
enable	CMDS/UUCP	OK bare
england	CMDS	OK bare
env	CMDS	OK in a session
eo	CMDS	OK bare
ephem	CMDS	OK bare
ephem881	CMDS	OK bare
epson	CMDS	OK given arguments
eset	CMDS	OK bare
etags	CMDS	OK bare
eunlink	CMDS	OK bare
every	CMDS	OK bare
exist	CMDS	OK bare
expand	CMDS	OK as a filter
expire	CMDS/UUCP	OK bare
expr	CMDS	OK bare
expreserve	CMDS	OK as a filter
exrecover	CMDS	OK bare
fastcc	CMDS	OK bare
fastmail	CMDS/ELM	OK bare
fc	CMDS	OK as a filter
fcomp	CMDS	OK bare
ff	CMDS	OK bare
fgrep	CMDS	OK bare
fibo	CMDS	OK bare
field	CMDS	OK bare
file	CMDS	OK bare
fileserv	CMDS/UUCP	OK as a filter
fillup	CMDS	OK bare
filter	CMDS/ELM	OK bare
find	CMDS	OK given arguments
finger	CMDS/NETWORK	OK bare
firq	CMDS	NEEDS WORK
fitstopnm	CMDS/NETPBM	OK as a filter
fixtext	CMDS/UUCP	OK as a filter
fixyear	CMDS	OK bare
fiz	CMDS	OK bare
fkeys	CMDS	OK as a filter
flex	CMDS	OK as a filter
flink	CMDS	OK bare
float	CMDS	OK bare
florida	CMDS	OK bare
fmt	CMDS	OK as a filter
fontgen	CMDS	OK bare
for	CMDS	NEEDS WORK
forth	CMDS	OK bare
fortune	CMDS	OK bare
frm	CMDS/ELM	OK bare
fstat	CMDS	OK bare
fstopgm	CMDS/NETPBM	OK as a filter
fuddle	CMDS/GAMES	OK bare
funzip	CMDS	OK bare
g	CMDS/GAMES	NEEDS WORK
g3topbm	CMDS/NETPBM	OK as a filter
game	CMDS/GAMES	OK bare
gawk	CMDS	OK bare
gcc	CMDS/GCC139	OK bare
gcc	CMDS/GCC2	OK bare
gcc2	CMDS/GCC2	OK bare
gcc_cc1	CMDS/GCC139	OK as a filter
gcc_cc1plus	CMDS/GCC139	OK as a filter
gcc_cccp	CMDS/GCC139	OK as a filter
gcc_collect	CMDS/GCC139	OK bare
gcl	CMDS	OK bare
gdd	CMDS	OK as a filter
gemtopbm	CMDS/NETPBM	OK as a filter
gen	CMDS	OK bare
georgia	CMDS	OK bare
gep	CMDS	OK bare
getenv	CMDS	OK bare
getsys	CMDS	OK bare
gftopk	CMDS/TEXCMDS	OK bare
gftype	CMDS/TEXCMDS	OK bare
ggrep	CMDS	OK bare
giftopnm	CMDS/NETPBM	OK as a filter
gmake	CMDS	OK bare
gnuan	CMDS/GAMES	OK bare
gnuchess	CMDS	OK bare
gnuchess	CMDS/GAMES	OK bare
gnuchessc	CMDS/GAMES	OK bare
gnuchessn	CMDS	OK bare
gnuchessr	CMDS	OK bare
gnuplot	CMDS	OK bare
gothic	CMDS	OK bare
gouldtoppm	CMDS/NETPBM	OK as a filter
gpp	CMDS/GCC139	OK bare
gpp	CMDS/GCC2	OK bare
graph	CMDS/GAMES	NEEDS WORK
graphdemo	CMDS/GAMES	NEEDS WORK
graphsave	CMDS/GAMES	NEEDS WORK
greed	CMDS/GAMES	OK bare
greg	CMDS	OK bare
grep	CMDS	OK bare
gs33	CMDS	OK bare
gs403	CMDS	OK bare
gshell	CMDS	OK in a session
gtar	CMDS/REBUILT	OK bare
gzip	CMDS	OK bare
gzip020_csl	CMDS/REBUILT	OK bare
gzip020_nocsl	CMDS/REBUILT	OK bare
gzip68k_csl	CMDS/REBUILT	OK bare
gzip68k_nocsl	CMDS/REBUILT	OK bare
gzipcpu32_nocsl	CMDS/REBUILT	OK bare
gzipcpu32k_csl	CMDS/REBUILT	OK bare
hack	CMDS/GAMES	OK bare
hang	CMDS/GAMES	OK bare
hc	CMDS	OK bare
head	CMDS	OK as a filter
help	CMDS	OK bare
helpindex	CMDS	OK bare
hexbin	CMDS	OK as a filter
hexed	CMDS	OK bare
hexedit	CMDS	OK bare
hinterhalt	CMDS	OK bare
hipstopgm	CMDS/NETPBM	OK bare
hist	CMDS	OK bare
hotel	CMDS/GAMES	OK bare
hpcdtoppm	CMDS/NETPBM	OK bare
i_am_i	CMDS	OK bare
icontopbm	CMDS/NETPBM	OK as a filter
if	CMDS	OK bare
ifdef	CMDS	OK as a filter
ilbmtoppm	CMDS/NETPBM	OK as a filter
imgtoppm	CMDS/NETPBM	OK bare
indent	CMDS	OK as a filter
inetd	CMDS/WN	OK bare
inetdc	CMDS/WN	NEEDS WORK
infocom	CMDS	OK bare
infocom.tcap	CMDS	OK bare
infoxpress	CMDS/NETWORK	NEEDS WORK
inimf	CMDS/TEXCMDS	OK bare
initex	CMDS/TEXCMDS	OK bare
initvdu	CMDS	OK bare
input	CMDS	OK as a filter
input.elvis	CMDS/REBUILT	OK bare
isam	CMDS	OK bare
ispell	CMDS	OK bare
japan	CMDS	OK bare
jargon	CMDS	OK bare
join	CMDS	OK bare
k	CMDS/COMMS	OK bare
keep	CMDS	OK in a session
kept	CMDS	OK in a session
kermit	CMDS	OK bare
kermit	CMDS/REBUILT	OK bare
kermit2	CMDS	OK bare
kermit3	CMDS	OK bare
keydrv.mm1	CMDS/MM1	NEEDS WORK
ksh	CMDS	OK as a filter
l	CMDS	OK as a filter
lac	CMDS	OK bare
lander	CMDS/GAMES	OK bare
larn	CMDS/GAMES	OK bare
latex	CMDS/TEXCMDS	NEEDS WORK
launch	CMDS	OK bare
lcasep	CMDS/UUCP	OK as a filter
less	CMDS	OK bare
lessecho	CMDS	OK given arguments
lesskey	CMDS	OK bare
lfmaker	CMDS	NEEDS WORK
lgrep	CMDS	OK bare
lha	CMDS	OK bare
lharc	CMDS	OK bare
lharcs	CMDS/REBUILT	OK bare
liborder	CMDS	OK bare
liborder.os9	CMDS	OK bare
libsplit	CMDS	OK bare
life	CMDS/GAMES	OK bare
lispmtopgm	CMDS/NETPBM	OK as a filter
lissaj	CMDS/GAMES	OK bare
listalias	CMDS/ELM	OK bare
lmail	CMDS/UUCP	OK as a filter
lmargin	CMDS	OK as a filter
lnk	CMDS	NEEDS WORK
lnk.org	CMDS	NEEDS WORK
loadmem	CMDS	OK bare
loan	CMDS	OK bare
logisim	CMDS	OK bare
loglist	CMDS	OK bare
logname	CMDS	OK bare
lorenz3d	CMDS/GAMES	OK bare
lout	CMDS	OK as a filter
lp	CMDS	OK bare
lpq	CMDS	OK bare
lprm	CMDS	OK bare
lpsched	CMDS	OK bare
lpshut	CMDS	OK bare
ls	CMDS	OK bare
lua	CMDS	OK bare
luac	CMDS	OK bare
lunisolar	CMDS	OK bare
lwf	CMDS	OK bare
m4	CMDS	OK as a filter
m4_0.5	CMDS/REBUILT	OK as a filter
macbin	CMDS	OK given arguments
macptopbm	CMDS/NETPBM	OK as a filter
macsave	CMDS	OK as a filter
macstream	CMDS	OK bare
macunpack	CMDS	OK as a filter
mail	CMDS/UUCP	OK bare
mailx	CMDS/UUCP	OK bare
main	CMDS	OK bare
make	CMDS	OK given arguments
makecrc	CMDS	NEEDS WORK
makedb	CMDS/UUCP	OK as a filter
makeinfo	CMDS	OK bare
makeinfo	CMDS/GCC139	OK bare
makelex	CMDS	OK bare
maketexpk	CMDS/TEXCMDS	OK bare
map	CMDS	OK bare
marc	CMDS	OK bare
math	CMDS	NEEDS WORK
math881	CMDS	NEEDS WORK
maze	CMDS/GAMES	OK as a filter
mcvert	CMDS	OK given arguments
md5	CMDS	OK as a filter
me	CMDS	OK bare
messages	CMDS/ELM	OK bare
mexist	CMDS	OK bare
mg	CMDS	OK bare
mgif	CMDS	OK bare
mgrtopbm	CMDS/NETPBM	OK as a filter
mille	CMDS/GAMES	OK bare
mines	CMDS/GAMES	OK bare
minnesota	CMDS	OK bare
minute	CMDS	OK given arguments
mkdict	CMDS/GAMES	OK as a filter
mkdir	CMDS	OK bare
mkindex	CMDS/GAMES	OK as a filter
modbuster	CMDS	OK bare
modinfo	CMDS	OK bare
move	CMDS	OK bare
msattrib	CMDS	OK bare
msbadblocks	CMDS	OK bare
mscd	CMDS	OK bare
mscheck	CMDS	NEEDS WORK
mscopy	CMDS	OK bare
msdel	CMDS	OK bare
msdeltree	CMDS	OK bare
msdir	CMDS	OK bare
msdrv.901_340	CMDS/MM1	NEEDS WORK
msdrv_340.901.ms	CMDS/MM1	NEEDS WORK
msformat	CMDS	OK bare
mshell	CMDS	OK bare
msinfo	CMDS	OK bare
mslabel	CMDS	OK bare
msmd	CMDS	OK bare
msmove	CMDS	OK bare
msntp	CMDS/NETWORK	OK bare
msrd	CMDS	OK bare
msread	CMDS	OK bare
msren	CMDS	OK bare
mstoolstest	CMDS	OK bare
mstype	CMDS	OK bare
mswrite	CMDS	OK bare
mtools	CMDS	OK bare
mtst	CMDS	OK bare
mtvtoppm	CMDS/NETPBM	OK as a filter
mv	CMDS	OK bare
mvolformat	CMDS	OK bare
my.opt	CMDS	OK as a filter
name	CMDS	OK bare
names	CMDS	OK bare
nasa	CMDS	OK bare
nchess	CMDS/GAMES	OK bare
net	CMDS/NETWORK	OK bare
new_e	CMDS	OK bare
newalias	CMDS/ELM	OK bare
newmail	CMDS/ELM	OK bare
newsgen	CMDS/GAMES	OK bare
newshist	CMDS/NEWS	OK bare
newslock	CMDS/NEWS	OK bare
nobs	CMDS/GAMES	OK bare
nptx	CMDS/UUCP	OK as a filter
nroff	CMDS	OK bare
nsort	CMDS	OK as a filter
ob68kdemo	CMDS/DEMOS	OK bare
oleo	CMDS	NEEDS WORK
orbit	CMDS	OK bare
os9lib	CMDS	NEEDS WORK
osknet	CMDS/NETWORK	OK bare
oskversion	CMDS	OK bare
owner	CMDS	OK bare
p2c	CMDS	OK as a filter
pacman	CMDS/GAMES	OK bare
pagefraz	CMDS	OK bare
pagekwic	CMDS	OK bare
pageline	CMDS	OK as a filter
paranoia	CMDS	OK bare
paste	CMDS	OK as a filter
patch	CMDS	OK as a filter
pathalias	CMDS/UUCP	OK bare
paths	CMDS	OK bare
pbmclean	CMDS/NETPBM	OK as a filter
pbmlife	CMDS/NETPBM	OK as a filter
pbmmake	CMDS/NETPBM	OK bare
pbmmask	CMDS/NETPBM	OK as a filter
pbmpscale	CMDS/NETPBM	OK bare
pbmreduce	CMDS/NETPBM	OK bare
pbmtext	CMDS/NETPBM	OK bare
pbmto10x	CMDS/NETPBM	OK as a filter
pbmto4425	CMDS/NETPBM	OK as a filter
pbmtoascii	CMDS/NETPBM	OK as a filter
pbmtoatk	CMDS/NETPBM	OK as a filter
pbmtobbnbg	CMDS/NETPBM	OK as a filter
pbmtocmuwm	CMDS/NETPBM	OK as a filter
pbmtoepsi	CMDS/NETPBM	OK as a filter
pbmtoepson	CMDS/NETPBM	OK as a filter
pbmtog3	CMDS/NETPBM	OK as a filter
pbmtogem	CMDS/NETPBM	OK as a filter
pbmtogo	CMDS/NETPBM	OK as a filter
pbmtoicon	CMDS/NETPBM	OK as a filter
pbmtolj	CMDS/NETPBM	OK as a filter
pbmtoln03	CMDS/NETPBM	OK as a filter
pbmtolps	CMDS/NETPBM	OK as a filter
pbmtomacp	CMDS/NETPBM	OK as a filter
pbmtomgr	CMDS/NETPBM	OK as a filter
pbmtopgm	CMDS/NETPBM	OK bare
pbmtopi3	CMDS/NETPBM	OK as a filter
pbmtopk	CMDS/NETPBM	OK bare
pbmtoplot	CMDS/NETPBM	OK as a filter
pbmtoptx	CMDS/NETPBM	OK as a filter
pbmtox10bm	CMDS/NETPBM	OK as a filter
pbmtoxbm	CMDS/NETPBM	OK as a filter
pbmtoybm	CMDS/NETPBM	OK as a filter
pbmtozinc	CMDS/NETPBM	OK as a filter
pbmupc	CMDS/NETPBM	OK bare
pbyte	CMDS	OK bare
pcxtoppm	CMDS/NETPBM	OK as a filter
pdraw	CMDS	OK bare
pep	CMDS	OK as a filter
perr	CMDS	OK given arguments
pgmbentley	CMDS/NETPBM	OK as a filter
pgmcrater	CMDS/NETPBM	OK given arguments
pgmedge	CMDS/NETPBM	OK as a filter
pgmenhance	CMDS/NETPBM	OK as a filter
pgmhist	CMDS/NETPBM	OK as a filter
pgmkernel	CMDS/NETPBM	OK bare
pgmnoise	CMDS/NETPBM	OK bare
pgmnorm	CMDS/NETPBM	OK as a filter
pgmoil	CMDS/NETPBM	OK as a filter
pgmramp	CMDS/NETPBM	OK bare
pgmtexture	CMDS/NETPBM	OK as a filter
pgmtofs	CMDS/NETPBM	OK as a filter
pgmtolispm	CMDS/NETPBM	OK as a filter
pgmtopbm	CMDS/NETPBM	OK as a filter
pgmtoppm	CMDS/NETPBM	OK bare
philmail	CMDS/UUCP	OK in a session
phone	CMDS	OK bare
pi1toppm	CMDS/NETPBM	OK as a filter
pi3topbm	CMDS/NETPBM	OK as a filter
piano	CMDS/GAMES	OK bare
picttoppm	CMDS/NETPBM	OK bare
pjtoppm	CMDS/NETPBM	OK as a filter
pktogf	CMDS/TEXCMDS	OK bare
pktopbm	CMDS/NETPBM	OK bare
pktype	CMDS/TEXCMDS	OK bare
pltotf	CMDS/TEXCMDS	OK bare
pnmalias	CMDS/NETPBM	OK as a filter
pnmarith	CMDS/NETPBM	OK bare
pnmcat	CMDS/NETPBM	OK bare
pnmcomp	CMDS/NETPBM	OK bare
pnmconvol	CMDS/NETPBM	OK bare
pnmcrop	CMDS/NETPBM	OK as a filter
pnmcut	CMDS/NETPBM	OK bare
pnmdepth	CMDS/NETPBM	OK bare
pnmenlarge	CMDS/NETPBM	OK bare
pnmfile	CMDS/NETPBM	OK as a filter
pnmflip	CMDS/NETPBM	OK as a filter
pnmgamma	CMDS/NETPBM	OK bare
pnmhisteq	CMDS/NETPBM	OK as a filter
pnmhistmap	CMDS/NETPBM	OK as a filter
pnminvert	CMDS/NETPBM	OK as a filter
pnmnlfilt	CMDS/NETPBM	OK bare
pnmnoraw	CMDS/NETPBM	OK as a filter
pnmpad	CMDS/NETPBM	OK as a filter
pnmpaste	CMDS/NETPBM	OK bare
pnmrotate	CMDS/NETPBM	OK bare
pnmscale	CMDS/NETPBM	OK bare
pnmshear	CMDS/NETPBM	OK bare
pnmsmooth	CMDS/NETPBM	OK bare
pnmtile	CMDS/NETPBM	OK bare
pnmtoddif	CMDS/NETPBM	OK as a filter
pnmtofits	CMDS/NETPBM	OK as a filter
pnmtops	CMDS/NETPBM	OK as a filter
pnmtorast	CMDS/NETPBM	OK as a filter
pnmtosgi	CMDS/NETPBM	OK as a filter
pnmtosir	CMDS/NETPBM	OK as a filter
pnmtoxwd	CMDS/NETPBM	OK as a filter
poker	CMDS/GAMES	OK bare
postnews	CMDS/UUCP	OK bare
postprint	CMDS/GAMES	OK bare
pow	CMDS	OK bare
ppm3d	CMDS/NETPBM	OK bare
ppmbrighten	CMDS/NETPBM	OK as a filter
ppmchange	CMDS/NETPBM	OK bare
ppmdim	CMDS/NETPBM	OK bare
ppmdist	CMDS/NETPBM	OK as a filter
ppmdither	CMDS/NETPBM	OK as a filter
ppmflash	CMDS/NETPBM	OK bare
ppmforge	CMDS/NETPBM	OK given arguments
ppmhist	CMDS/NETPBM	OK as a filter
ppmmake	CMDS/NETPBM	OK bare
ppmmix	CMDS/NETPBM	OK bare
ppmnorm	CMDS/NETPBM	OK as a filter
ppmntsc	CMDS/NETPBM	OK bare
ppmpat	CMDS/NETPBM	OK bare
ppmquant	CMDS/NETPBM	OK bare
ppmqvga	CMDS/NETPBM	OK as a filter
ppmrelief	CMDS/NETPBM	OK as a filter
ppmshift	CMDS/NETPBM	OK bare
ppmspread	CMDS/NETPBM	OK bare
ppmtoacad	CMDS/NETPBM	OK as a filter
ppmtobmp	CMDS/NETPBM	OK as a filter
ppmtogif	CMDS/NETPBM	OK as a filter
ppmtoicr	CMDS/NETPBM	OK as a filter
ppmtoilbm	CMDS/NETPBM	OK as a filter
ppmtomap	CMDS/NETPBM	OK as a filter
ppmtomitsu	CMDS/NETPBM	OK as a filter
ppmtopcx	CMDS/NETPBM	OK as a filter
ppmtopgm	CMDS/NETPBM	OK as a filter
ppmtopi1	CMDS/NETPBM	OK as a filter
ppmtopict	CMDS/NETPBM	OK as a filter
ppmtopj	CMDS/NETPBM	OK as a filter
ppmtopjxl	CMDS/NETPBM	OK as a filter
ppmtopuzz	CMDS/NETPBM	OK as a filter
ppmtorgb3	CMDS/NETPBM	OK as a filter
ppmtosixel	CMDS/NETPBM	OK as a filter
ppmtotga	CMDS/NETPBM	OK as a filter
ppmtouil	CMDS/NETPBM	OK as a filter
ppmtoxpm	CMDS/NETPBM	OK bare
ppmtoyuv	CMDS/NETPBM	OK as a filter
ppmtoyuvsplit	CMDS/NETPBM	OK bare
preset	CMDS	OK bare
pri	CMDS	NEEDS WORK
printenv	CMDS	OK in a session
printf	CMDS	OK bare
printmail	CMDS/ELM	OK bare
prjob	CMDS	OK bare
proff	CMDS	OK as a filter
psc	CMDS	OK as a filter
psidtopgm	CMDS/NETPBM	OK bare
ptob	CMDS	OK as a filter
ptxm	CMDS	NEEDS WORK
ptxminst	CMDS	NEEDS WORK
puz15	CMDS/GAMES	OK bare
puzzle	CMDS/GAMES	NEEDS WORK
puzzle15	CMDS	OK bare
pwgen	CMDS	OK bare
pwparse	CMDS/UUCP	OK bare
qp	CMDS	OK bare
qrttoppm	CMDS/NETPBM	OK as a filter
qsort9	CMDS	OK as a filter
qt	CMDS	OK bare
queens	CMDS	OK as a filter
rain	CMDS/GAMES	OK bare
rasttopnm	CMDS/NETPBM	OK as a filter
rawtopgm	CMDS/NETPBM	OK as a filter
rawtoppm	CMDS/NETPBM	OK bare
rayshade	CMDS	OK bare
rb37c65	CMDS/MM1	NEEDS WORK
rcs	CMDS	OK bare
rcsdiff	CMDS	OK bare
rcsident	CMDS	OK as a filter
rcsmerge	CMDS	OK bare
rdjpgcom	CMDS	OK as a filter
rdjpgcom.070	CMDS	OK as a filter
rdoc	CMDS	OK bare
read_mail	CMDS	NEEDS WORK
readmsg	CMDS/ELM	OK bare
readnews	CMDS/UUCP	OK bare
rechne	CMDS	OK bare
ref	CMDS	OK bare
remove	CMDS	OK bare
ren	CMDS	OK bare
rendsk	CMDS	OK bare
repeat	CMDS	OK bare
rgb3toppm	CMDS/NETPBM	OK bare
rlog	CMDS	OK bare
rm	CMDS	OK bare
rmail	CMDS/UUCP	OK bare
rndir	CMDS	OK bare
rndname	CMDS	OK bare
rnews	CMDS/UUCP	OK given arguments
robots	CMDS/GAMES	OK bare
roff	CMDS	OK as a filter
rot	CMDS	OK as a filter
rpn	CMDS	OK bare
rpoem	CMDS/GAMES	OK bare
rsconvert	CMDS	OK bare
rstory	CMDS/GAMES	OK bare
rstory2	CMDS/GAMES	OK bare
rtf	CMDS	NEEDS WORK
rtfdat	CMDS	NEEDS WORK
run	CMDS	OK bare
runc	CMDS	OK bare
rxmod	CMDS/COMMS	NEEDS WORK
savage	CMDS	OK bare
savemem	CMDS	OK bare
sbreak	CMDS	OK bare
sc	CMDS	OK bare
scales	CMDS	OK bare
scope	CMDS	OK bare
scqref	CMDS	OK bare
screen	CMDS	OK bare
screen	CMDS/REBUILT	OK bare
scriptmaster	CMDS/GAMES	NEEDS WORK
scsi_mm1a	CMDS/MM1	NEEDS WORK
scsiutil	CMDS	OK bare
sdb	CMDS	OK bare
sddemo	CMDS/DEMOS	OK bare
sed	CMDS	OK bare
sed_1.06	CMDS/REBUILT	OK bare
sedt	CMDS	OK bare
sepwords	CMDS	OK as a filter
setfont	CMDS	OK bare
setime	CMDS	OK bare
setime2	CMDS	OK bare
setimex	CMDS	OK bare
setterm	CMDS	OK bare
setyear	CMDS	OK bare
sgitopnm	CMDS/NETPBM	OK as a filter
sh	CMDS	OK as a filter
shar	CMDS	OK bare
shdev	CMDS	OK bare
shire	CMDS	OK bare
showpic	CMDS/GAMES	NEEDS WORK
shuffle	CMDS	OK bare
sieve	CMDS	OK bare
signal	CMDS	OK bare
sin	CMDS	OK bare
sine	CMDS/GAMES	NEEDS WORK
sirtopnm	CMDS/NETPBM	OK as a filter
sldtoppm	CMDS/NETPBM	OK as a filter
slitex	CMDS/TEXCMDS	NEEDS WORK
smail	CMDS/UUCP	OK bare
snake	CMDS/GAMES	OK in a session
snap	CMDS	OK bare
snd_sig	CMDS	OK given arguments
snddrv	CMDS/MM1	NEEDS WORK
sokoban	CMDS/GAMES	OK bare
sonnet	CMDS	OK bare
sort	CMDS	OK as a filter
soundex	CMDS	OK as a filter
souper	CMDS	NEEDS WORK
sox	CMDS	OK bare
space	CMDS	OK bare
spctoppm	CMDS/NETPBM	OK as a filter
speech	CMDS	OK bare
spiff	CMDS	OK bare
spline	CMDS	OK bare
split	CMDS	OK as a filter
splitalf	CMDS	OK bare
splman	CMDS	NEEDS WORK
splprt	CMDS	NEEDS WORK
splstat	CMDS	OK bare
spottopgm	CMDS/NETPBM	OK bare
sputoppm	CMDS/NETPBM	OK as a filter
sqrtx	CMDS	OK bare
ssl	CMDS	OK given arguments
sterm	CMDS/COMMS	OK bare
stone	CMDS/GAMES	OK bare
strfile	CMDS	OK bare
striche	CMDS/GAMES	NEEDS WORK
strings	CMDS	OK bare
strings.nocio	CMDS/REBUILT	OK bare
su	CMDS	OK bare
subber	CMDS	OK bare
submit	CMDS	OK bare
subscribe	CMDS/UUCP	OK bare
suicide	CMDS/GAMES	OK bare
suicide1	CMDS/GAMES	OK bare
suicide2	CMDS/GAMES	OK bare
sum	CMDS	OK as a filter
suse	CMDS	NEEDS WORK
suspend	CMDS	OK bare
sysid	CMDS	NEEDS WORK
sysmax	CMDS	OK bare
sysmem	CMDS	NEEDS WORK
sysmin	CMDS	OK bare
sysmon	CMDS	OK bare
t	CMDS	NEEDS WORK
t_trtest	CMDS	OK bare
tab	CMDS	OK as a filter
tabs	CMDS	OK as a filter
tac	CMDS	OK as a filter
tail	CMDS	OK as a filter
tangle	CMDS/TEXCMDS	OK bare
tar	CMDS	OK bare
tcmp	CMDS	OK bare
teachgammon	CMDS/GAMES	OK bare
tess	CMDS/GAMES	OK bare
testibc	CMDS	OK bare
tet	CMDS/GAMES	OK bare
tet.unixlib	CMDS/REBUILT	OK bare
tex	CMDS/TEXCMDS	NEEDS WORK
texidx	CMDS/TEXCMDS	OK given arguments
textb	CMDS	OK bare
tformat	CMDS/GAMES	OK as a filter
tftopl	CMDS/TEXCMDS	OK bare
tgatoppm	CMDS/NETPBM	OK as a filter
time	CMDS	OK bare
timeio	CMDS	OK bare
timid	CMDS	OK bare
today	CMDS	OK bare
todos	CMDS	OK bare
toos9	CMDS	OK bare
top	CMDS	OK bare
touchtype	CMDS	OK bare
tplot	CMDS	OK bare
transfer	CMDS	OK bare
trap	CMDS	NEEDS WORK
tree	CMDS	OK bare
trunc	CMDS	OK bare
tsmon2	CMDS	OK bare
tsu	CMDS/COMMS	OK bare
tt	CMDS/GAMES	OK bare
tterm	CMDS/COMMS	OK bare
tttt	CMDS	OK bare
tty	CMDS	OK bare
txmod	CMDS/COMMS	OK bare
ub68020demo	CMDS/DEMOS	OK bare
ub68kdemo	CMDS/DEMOS	OK bare
udate	CMDS	OK bare
ularn	CMDS/GAMES	OK bare
uld	CMDS/COMMS	OK bare
umacs	CMDS	OK bare
umusek	CMDS	OK bare
undel	CMDS	OK bare
unexpand	CMDS	OK as a filter
unifdef	CMDS	OK bare
unip	CMDS	OK as a filter
uniq	CMDS	OK as a filter
unp	CMDS	OK as a filter
unpacklib	CMDS	OK bare
unpacklib.os9	CMDS	OK bare
unsit	CMDS	OK bare
unstr	CMDS	OK bare
unsubscribe	CMDS/UUCP	OK bare
unzip	CMDS	OK bare
upperdir	CMDS	OK bare
uucico	CMDS/UUCP	OK bare
uuclean	CMDS/UUCP	OK bare
uucp	CMDS/UUCP	OK bare
uudecode	CMDS	OK as a filter
uuencode	CMDS	OK bare
uuexpand	CMDS	OK as a filter
uulog	CMDS/UUCP	OK bare
uuname	CMDS/UUCP	OK bare
uupoll	CMDS/UUCP	OK given arguments
uux	CMDS/UUCP	OK bare
uuxqt	CMDS/UUCP	OK bare
uwho	CMDS	OK bare
valspeak	CMDS/GAMES	NEEDS WORK
vc	CMDS	OK bare
vecho	CMDS	OK given arguments
version	CMDS	OK bare
vftovp	CMDS/TEXCMDS	OK bare
vi	CMDS	OK bare
vi.elvis	CMDS/REBUILT	OK bare
vi_cio	CMDS	OK bare
vi_nocio	CMDS	OK bare
view	CMDS	OK bare
virmf	CMDS/TEXCMDS	OK bare
virtex	CMDS/TEXCMDS	OK bare
vis	CMDS	OK bare
vlen	CMDS	OK bare
vmod_trap	CMDS/COMMS	NEEDS WORK
vptovf	CMDS/TEXCMDS	OK bare
vtxtcn	CMDS/GAMES	NEEDS WORK
wam.sbprolog	CMDS	OK bare
wanderer	CMDS/GAMES	OK bare
wc	CMDS	OK as a filter
wc.cio	CMDS/REBUILT	OK as a filter
weave	CMDS/TEXCMDS	OK bare
wgen	CMDS/GAMES	OK bare
what	CMDS	OK bare
who	CMDS	NEEDS WORK
whoami	CMDS	OK bare
windio.52	CMDS/MM1	NEEDS WORK
wisecrack	CMDS/GAMES	NEEDS WORK
wish	CMDS	OK bare
wish	CMDS/GAMES	OK bare
wn	CMDS/WN	OK as a filter
wn.stb	CMDS/WN	NEEDS WORK
wndex	CMDS/WN	OK bare
world	CMDS/GAMES	OK bare
worms	CMDS/GAMES	OK bare
wrjpgcom	CMDS	OK bare
wrjpgcom.070	CMDS	OK bare
wysecrack	CMDS/BROKEN	NEEDS WORK
wysetime	CMDS	NEEDS WORK
xbmtopbm	CMDS/NETPBM	OK as a filter
xc	CMDS	OK bare
xcrypt	CMDS	OK bare
xengine	CMDS	OK bare
ximtoppm	CMDS/NETPBM	OK as a filter
xkermit	CMDS	OK bare
xlate	CMDS	OK bare
xlharc	CMDS	OK bare
xlisp	CMDS	OK bare
xpmtoppm	CMDS/NETPBM	OK bare
xrf	CMDS	OK bare
xvminitoppm	CMDS/NETPBM	OK as a filter
xwdtopnm	CMDS/NETPBM	OK as a filter
xy	CMDS/COMMS	OK bare
xydown	CMDS/COMMS	OK bare
xyt	CMDS/COMMS	OK bare
yacc	CMDS	OK bare
yagi	CMDS	OK bare
ybmtopbm	CMDS/NETPBM	OK as a filter
ynad	CMDS	OK bare
yuvsplittoppm	CMDS/NETPBM	OK bare
yuvtoppm	CMDS/NETPBM	OK bare
z	CMDS/COMMS	OK bare
zeisstopnm	CMDS/NETPBM	OK as a filter
zip	CMDS	OK bare
zipinfo	CMDS	OK bare
zipnote	CMDS	OK bare
zipsplit	CMDS	OK bare
zoo	CMDS	OK bare
zot	CMDS/GAMES	OK bare
